NM0:vgs X,NM0:vgs Y,NM0:vds X,NM0:vds Y,NM0:vth X,NM0:vth Y,NM0:vdsat X,NM0:vdsat Y,NM0:gmoverid X,NM0:gmoverid Y,NM0:self_gain X,NM0:self_gain Y,NM0:gm X,NM0:gm Y,NM0:cgs X,NM0:cgs Y,NM0:id X,NM0:id Y,NM0:csb X,NM0:csb Y,NM0:cgd X,NM0:cgd Y,NM0:cdb X,NM0:cdb Y,NM0:gds X,NM0:gds Y
0,0,0,0.2,0,0.2415253619001211,0,0.04287826212441243,0,33.60864434938783,0,130.6377856853042,0,1.454215554250084e-07,0,-2.911337595106719e-15,0,4.326909509948204e-09,0,-6.205589941407572e-15,0,-2.900034784941308e-15,0,-5.325836246256568e-15,0,1.113166107815981e-09
0.008,0.008,0.008,0.2,0.008,0.2415253619001211,0.008,0.04288788762701461,0.008,33.49134155912968,0.008,130.1810809598795,0.008,1.895303983118712e-07,0.008,-2.917864027917071e-15,0.008,5.659086703891944e-09,0.008,-6.206893985776355e-15,0.008,-2.900045821110721e-15,0.008,-5.325851125103791e-15,0.008,1.455898175943727e-09
0.016,0.016,0.016,0.2,0.016,0.2415253619001211,0.016,0.04290041717877373,0.016,33.35981035813244,0.016,129.6688504713113,0.016,2.466644485921704e-07,0.016,-2.926845825289743e-15,0.016,7.394060497225702e-09,0.016,-6.208605377698486e-15,0.016,-2.900060356646394e-15,0.016,-5.325870653282161e-15,0.016,1.90226448137399e-09
0.024,0.024,0.024,0.2,0.024,0.2415253619001211,0.024,0.04291669974579279,0.024,33.21270888067499,0.024,129.0958158183066,0.024,3.205090499504928e-07,0.024,-2.939061387310589e-15,0.024,9.650193196867299e-09,0.024,-6.210851102596516e-15,0.024,-2.900079500299398e-15,0.024,-5.325896281319688e-15,0.024,2.482722216199377e-09
0.032,0.032,0.032,0.2,0.032,0.2415253619001211,0.032,0.04293781966101565,0.032,33.04869059919553,0.032,128.4566635826734,0.032,4.157221671524583e-07,0.032,-2.955536591518141e-15,0.032,1.257908155870067e-08,0.032,-6.213797572478e-15,0.032,-2.900104711670181e-15,0.032,-5.325929910950239e-15,0.032,3.236283393620166e-09
0.04,0.04,0.04,0.2,0.04,0.2415253619001211,0.04,0.04296515597265672,0.04,32.86644440026271,0.04,127.7461968654516,0.04,5.381624870690237e-07,0.04,-2.97762307995702e-15,0.04,1.637422313706486e-08,0.04,-6.21766275980545e-15,0.04,-2.900137911949025e-15,0.04,-5.325974034592099e-15,0.04,4.212747622035606e-09
0.048,0.048,0.048,0.2,0.048,0.2415253619001211,0.048,0.04300045410937105,0.048,32.66474523880294,0.048,126.9595269559738,0.048,6.951605225486772e-07,0.048,-3.007101058196093e-15,0.048,2.128167615221832e-08,0.048,-6.222731989824077e-15,0.048,-2.900181629418343e-15,0.048,-5.326031917332245e-15,0.048,5.475449847806543e-09
0.056,0.056,0.056,0.2,0.056,0.2415253619001211,0.056,0.04304591125329806,0.056,32.44251554458717,0.056,126.0923055764297,0.056,8.95837662078164e-07,0.056,-3.046314088276002e-15,0.056,2.761307667452942e-08,0.056,-6.229378439183426e-15,0.056,-2.900239190490978e-15,0.056,-5.326107833926493e-15,0.056,7.104617985870363e-09
0.064,0.064,0.064,0.2,0.064,0.2415253619001211,0.064,0.0431042764332557,0.064,32.19889643485259,0.064,125.1409937119816,0.064,1.151478139856612e-06,0.064,-3.098345485716384e-15,0.064,3.576141652250956e-08,0.064,-6.238089647388614e-15,0.064,-2.900314970295708e-15,0.064,-5.326207376675012e-15,0.064,9.201446350240741e-09
0.07200000000000001,0.07200000000000001,0.07200000000000001,0.2,0.07200000000000001,0.2415253619001211,0.07200000000000001,0.04317896567372858,0.07200000000000001,31.93332614968212,0.07200000000000001,124.1031565589117,0.07200000000000001,1.475959152898707e-06,0.07200000000000001,-3.167248529743977e-15,0.07200000000000001,4.622002584500624e-08,0.07200000000000001,-6.249501637399686e-15,0.07200000000000001,-2.900414720952223e-15,0.07200000000000001,-5.326337854016765e-15,0.07200000000000001,1.189300251358289e-08
0.08000000000000002,0.08000000000000002,0.08000000000000002,0.2,0.08000000000000002,0.2415253619001211,0.08000000000000002,0.0432741914797693,0.08000000000000002,31.64562093042773,0.08000000000000002,122.9777654207382,0.08000000000000002,1.886245099675799e-06,0.08000000000000002,-3.258345741009223e-15,0.08000000000000002,5.960524872669452e-08,0.08000000000000002,-6.264442536286319e-15,0.08000000000000002,-2.900546000886868e-15,0.08000000000000002,-5.326508804196422e-15,0.08000000000000002,1.533809866541708e-08
0.08800000000000002,0.08800000000000002,0.08800000000000002,0.2,0.08800000000000002,0.2415253619001211,0.08800000000000002,0.04339510443500952,0.08800000000000002,31.33605086155769,0.08800000000000002,121.7654766571997,0.08800000000000002,2.402953458805199e-06,0.08800000000000002,-3.378615787490379e-15,0.08800000000000002,7.668335350698936e-08,0.08800000000000002,-6.283987826066468e-15,0.08800000000000002,-2.900718734992522e-15,0.08800000000000002,-5.326732653022517e-15,0.08800000000000002,1.973427546766901e-08
0.09600000000000003,0.09600000000000003,0.09600000000000003,0.2,0.09600000000000003,0.2415253619001211,0.09600000000000003,0.04354794270420979,0.09600000000000003,31.00540021188981,0.09600000000000003,120.4688458823568,0.09600000000000003,3.051002347839113e-06,0.09600000000000003,-3.537189619161079e-15,0.09600000000000003,9.840228907997418e-08,0.09600000000000003,-6.309529416585602e-15,0.09600000000000003,-2.900945943213721e-15,0.09600000000000003,-5.327025548669949e-15,0.09600000000000003,2.532606937081935e-08
0.104,0.104,0.104,0.2,0.104,0.2415253619001211,0.104,0.04374018278997691,0.104,30.65499899619272,0.104,119.092424282912,0.104,3.860353105784359e-06,0.104,-3.745978986176987e-15,0.104,1.25928991647918e-07,0.104,-6.342860385512375e-15,0.104,-2.901244684109636e-15,0.104,-5.327408407846284e-15,0.104,3.24147663382335e-08
0.112,0.112,0.112,0.2,0.112,0.2415253619001211,0.112,0.04398068211493483,0.112,30.28671057429813,0.112,117.6426760893254,0.112,4.866864385285666e-06,0.112,-4.020458023787531e-15,0.112,1.606930663546051e-07,0.112,-6.386276061129738e-15,0.112,-2.901637269521081e-15,0.112,-5.32790820291321e-15,0.112,4.136988843734127e-08
0.1200000000000001,0.1200000000000001,0.1200000000000001,0.2,0.1200000000000001,0.2415253619001211,0.1200000000000001,0.04427980112808062,0.1200000000000001,29.90286013505463,0.1200000000000001,116.1276559209128,0.1200000000000001,6.11327511595169e-06,0.1200000000000001,-4.380607171925272e-15,0.1200000000000001,2.044378061145101e-07,0.1200000000000001,-6.442689428113313e-15,0.1200000000000001,-2.902152815150259e-15,0.1200000000000001,-5.328559502382067e-15,0.1200000000000001,5.264271518676871e-08
0.1280000000000001,0.1280000000000001,0.1280000000000001,0.2,0.1280000000000001,0.2415253619001211,0.1280000000000001,0.04464949004437635,0.1280000000000001,29.50609205910149,0.1280000000000001,114.5563966474045,0.1280000000000001,7.650328755892428e-06,0.1280000000000001,-4.851999483529314e-15,0.1280000000000001,2.592796344256251e-07,0.1280000000000001,-6.515753498932098e-15,0.1280000000000001,-2.902829196522082e-15,0.1280000000000001,-5.32940623689771e-15,0.1280000000000001,6.678220492077394e-08
0.1360000000000001,0.1360000000000001,0.1360000000000001,0.2,0.1360000000000001,0.2415253619001211,0.1360000000000001,0.04510332352044612,0.1360000000000001,29.09915146870007,0.1360000000000001,112.9379868295442,0.1360000000000001,9.538035609729169e-06,0.1360000000000001,-5.466947846537691e-15,0.1360000000000001,3.277771046492159e-07,0.1360000000000001,-6.609973722597491e-15,0.1360000000000001,-2.903715474554386e-15,0.1360000000000001,-5.330503582995728e-15,0.1360000000000001,8.445374207107833e-08
0.1440000000000001,0.1440000000000001,0.1440000000000001,0.2,0.1440000000000001,0.2415253619001211,0.1440000000000001,0.04565646611625802,0.1440000000000001,28.6845971968217,0.1440000000000001,111.2803636780022,0.1440000000000001,1.184703833607112e-05,0.1440000000000001,-6.265517310446327e-15,0.1440000000000001,4.130104481203071e-07,0.1440000000000001,-6.730777853896516e-15,0.1440000000000001,-2.904874829819765e-15,0.1440000000000001,-5.331919716092748e-15,0.1440000000000001,1.064611755794704e-07
0.1520000000000001,0.1520000000000001,0.1520000000000001,0.2,0.1520000000000001,0.2415253619001211,0.1520000000000001,0.04632555283685055,0.1520000000000001,28.26446918016652,0.1520000000000001,109.588910133316,0.1520000000000001,1.465999417783307e-05,0.1520000000000001,-7.296018509157085e-15,0.1520000000000001,5.186721919534939e-07,0.1520000000000001,-6.88448788410422e-15,0.1520000000000001,-2.906387984453118e-15,0.1520000000000001,-5.333736962901701e-15,0.1520000000000001,1.33772606735472e-07
0.1600000000000001,0.1600000000000001,0.1600000000000001,0.2,0.1600000000000001,0.2415253619001211,0.1600000000000001,0.04712847277566459,0.1600000000000001,27.83995043258732,0.1600000000000001,107.8650138015468,0.1600000000000001,1.807281613127745e-05,0.1600000000000001,-8.614333903856596e-15,0.1600000000000001,6.491684021202443e-07,0.1600000000000001,-7.078110863372387e-15,0.1600000000000001,-2.908356976785837e-15,0.1600000000000001,-5.336051585866853e-15,0.1600000000000001,1.675503065760354e-07
0.1680000000000001,0.1680000000000001,0.1680000000000001,0.2,0.1680000000000001,0.2415253619001211,0.1680000000000001,0.04808404998331137,0.1680000000000001,27.41107803150738,0.1680000000000001,106.1048047344231,0.1680000000000001,2.219553147388635e-05,0.1680000000000001,-1.028114783872413e-14,0.1680000000000001,8.09728513939919e-07,0.1680000000000001,-7.318842995828938e-15,0.1680000000000001,-2.910908971303705e-15,0.1680000000000001,-5.338971129790962e-15,0.1680000000000001,2.091849801659882e-07
0.1760000000000001,0.1760000000000001,0.1760000000000001,0.2,0.1760000000000001,0.2415253619001211,0.1760000000000001,0.04921162385081522,0.1760000000000001,26.97656361631187,0.1760000000000001,104.2983176522572,0.1760000000000001,2.715243594739867e-05,0.1760000000000001,-1.23560373045448e-14,0.1760000000000001,1.006519449235622e-06,0.1760000000000001,-7.613187992616262e-15,0.1760000000000001,-2.914199542946989e-15,0.1760000000000001,-5.342608150698549e-15,0.1760000000000001,2.603343616521993e-07
0.1840000000000001,0.1840000000000001,0.1840000000000001,0.2,0.1840000000000001,0.2415253619001211,0.1840000000000001,0.05053054078053418,0.1840000000000001,26.53377697402268,0.1840000000000001,102.4293032064624,0.1840000000000001,3.308116976605643e-05,0.1840000000000001,-1.488776712179769e-14,0.1840000000000001,1.246756909289894e-06,0.1840000000000001,-7.96566287164158e-15,0.1840000000000001,-2.918414629422699e-15,0.1840000000000001,-5.347069569921635e-15,0.1840000000000001,3.229658772487805e-07
0.1920000000000001,0.1920000000000001,0.1920000000000001,0.2,0.1920000000000001,0.2415253619001211,0.1920000000000001,0.05205957861407959,0.1920000000000001,26.07892435955496,0.1920000000000001,100.4758335847425,0.1920000000000001,4.013034559222169e-05,0.1920000000000001,-1.790137673783721e-14,0.1920000000000001,1.538803711560343e-06,0.1920000000000001,-8.377231985851828e-15,0.1920000000000001,-2.923770233061658e-15,0.1920000000000001,-5.352442197507909e-15,0.1920000000000001,3.994029624882415e-07
0.2000000000000001,0.2000000000000001,0.2000000000000001,0.2,0.2000000000000001,0.2415253619001211,0.2000000000000001,0.05381633389677054,0.2000000000000001,25.60741888468689,0.2000000000000001,98.41171906373371,0.2000000000000001,4.845544264718468e-05,0.2000000000000001,-2.138472744043298e-14,0.2000000000000001,1.892242356445363e-06,0.2000000000000001,-8.843850385475242e-15,0.2000000000000001,-2.930509162419808e-15,0.2000000000000001,-5.358777110350883e-15,0.2000000000000001,4.923747202891945e-07
0.2080000000000001,0.2080000000000001,0.2080000000000001,0.2,0.2080000000000001,0.2415253619001211,0.2080000000000001,0.05581660832619725,0.2080000000000001,25.11440120206107,0.2080000000000001,96.20860199053585,0.2080000000000001,5.821285542806756e-05,0.2080000000000001,-2.527921927379159e-14,0.2080000000000001,2.317907361806419e-06,0.2080000000000001,-9.355690875136846e-15,0.2080000000000001,-2.938894761224863e-15,0.2080000000000001,-5.366077680577514e-15,0.2080000000000001,6.0506913335872e-07
0.2160000000000001,0.2160000000000001,0.2160000000000001,0.2,0.2160000000000001,0.2415253619001211,0.2160000000000001,0.05807383367743753,0.2160000000000001,24.5953354488595,0.2160000000000001,93.83846313974557,0.2160000000000001,6.955223858998533e-05,0.2160000000000001,-2.947971817451579e-14,0.2160000000000001,2.827862979955639e-06,0.2160000000000001,-9.897587689534788e-15,0.2160000000000001,-2.949202574712981e-15,0.2160000000000001,-5.374296519320197e-15,0.2160000000000001,7.411911519310281e-07
0.2240000000000001,0.2240000000000001,0.2240000000000001,0.2,0.2240000000000001,0.2415253619001211,0.2240000000000001,0.06059857358827634,0.2240000000000001,24.04658793587257,0.2240000000000001,91.27620039447218,0.2240000000000001,8.260758538409217e-05,0.2240000000000001,-3.384610210679452e-14,0.2240000000000001,3.435314216291469e-06,0.2240000000000001,-1.045084814089094e-14,0.2240000000000001,-2.961711838735088e-15,0.2240000000000001,-5.383344219383937e-15,0.2240000000000001,9.050287482069094e-07
0.2320000000000002,0.2320000000000002,0.2320000000000002,0.2,0.2320000000000002,0.2415253619001211,0.2320000000000002,0.06339813582185479,0.2320000000000002,23.46589965794744,0.2320000000000002,88.50194214580195,0.2320000000000002,9.748775967110887e-05,0.2320000000000002,-3.822402011122991e-14,0.2320000000000002,4.154443728871786e-06,0.2320000000000002,-1.099600425844191e-14,0.2320000000000002,-2.97669901327369e-15,0.2320000000000002,-5.393108220709749e-15,0.2320000000000002,1.101532433158397e-06
0.2400000000000002,0.2400000000000002,0.2400000000000002,0.2,0.2400000000000002,0.2415253619001211,0.2400000000000002,0.06647632050741113,0.2400000000000002,22.8526868706331,0.2400000000000002,85.50283331289917,0.2400000000000002,0.0001142674071266728,0.2400000000000002,-4.246833273601839e-14,0.2400000000000002,5.000173842952462e-06,0.2400000000000002,-1.151565205007856e-14,0.2400000000000002,-2.994435056581663e-15,0.2400000000000002,-5.403475999229641e-15,0.2400000000000002,1.336416615675286e-06
0.2480000000000002,0.2480000000000002,0.2480000000000002,0.2,0.2480000000000002,0.2415253619001211,0.2480000000000002,0.06983331931133534,0.2480000000000002,22.20813926078453,0.2480000000000002,82.27415351017166,0.2480000000000002,0.0001329792446335102,0.2480000000000002,-4.646197398277183e-14,0.2480000000000002,5.987860715248419e-06,0.2480000000000002,-1.199653671372986e-14,0.2480000000000002,-3.015186997130541e-15,0.2480000000000002,-5.414355637466011e-15,0.2480000000000002,1.616294291220752e-06
0.2560000000000002,0.2560000000000002,0.2560000000000002,0.2,0.2560000000000002,0.2415253619001211,0.2560000000000002,0.07346576870414791,0.2560000000000002,21.53512241295786,0.2560000000000002,78.81975695230686,0.2560000000000002,0.0001536086376217621,0.2560000000000002,-5.012580992501974e-14,0.2560000000000002,7.132935428966652e-06,0.2560000000000002,-1.243044859325341e-14,0.2560000000000002,-3.039223194088014e-15,0.2560000000000002,-5.425689011150401e-15,0.2560000000000002,1.948859569748602e-06
0.2640000000000002,0.2640000000000002,0.2640000000000002,0.2,0.2640000000000002,0.2415253619001211,0.2640000000000002,0.07736694877319852,0.2640000000000002,20.83792122975999,0.2640000000000002,75.15192819368987,0.2640000000000002,0.0001760911281128428,0.2640000000000002,-5.341921633920104e-14,0.2640000000000002,8.450513185833547e-06,0.2640000000000002,-1.281400019721851e-14,0.2640000000000002,-3.066820982217134e-15,0.2640000000000002,-5.437456464700097e-15,0.2640000000000002,2.34313519752948e-06
0.2720000000000002,0.2720000000000002,0.2720000000000002,0.2,0.2720000000000002,0.2415253619001211,0.2720000000000002,0.08152710864421575,0.2720000000000002,20.12187841684869,0.2720000000000002,71.2908066253009,0.2720000000000002,0.0002003132124065852,0.2720000000000002,-5.633408992128644e-14,0.2720000000000002,9.954995664982401e-06,0.2720000000000002,-1.314767879923831e-14,0.2720000000000002,-3.098275307406829e-15,0.2720000000000002,-5.449674751111836e-15,0.2720000000000002,2.809804263534516e-06
0.2800000000000002,0.2800000000000002,0.2800000000000002,0.2,0.2800000000000002,0.2415253619001211,0.2800000000000002,0.0859338915651493,0.2800000000000002,19.39298630564184,0.2800000000000002,67.26354234525435,0.2800000000000002,0.0002261162543398329,0.2800000000000002,-5.888589145062528e-14,0.2800000000000002,1.165969236405515e-05,0.2800000000000002,-1.343463006678508e-14,0.2800000000000002,-3.133907289442567e-15,0.2800000000000002,-5.462391178728017e-15,0.2800000000000002,3.361646539208563e-06
0.2880000000000002,0.2880000000000002,0.2880000000000002,0.2,0.2880000000000002,0.2415253619001211,0.2880000000000002,0.0905728277728711,0.2880000000000002,18.65748381942702,0.2880000000000002,63.10331629537918,0.2880000000000002,0.0002533030350427345,0.2880000000000002,-6.110462224456281e-14,0.2880000000000002,1.35764842407692e-05,0.2880000000000002,-1.367951200711203e-14,0.2880000000000002,-3.174072116918578e-15,0.2880000000000002,-5.475676625402241e-15,0.2880000000000002,4.014100207619087e-06
0.2960000000000002,0.2960000000000002,0.2960000000000002,0.2,0.2960000000000002,0.2415253619001211,0.2960000000000002,0.09542786167171739,0.2960000000000002,17.92149757647251,0.2960000000000002,58.84830505571542,0.2960000000000002,0.0002816461507411526,0.2960000000000002,-6.302737138557861e-14,0.2960000000000002,1.571554774054487e-05,0.2960000000000002,-1.388759271079814e-14,0.2960000000000002,-3.219166080558499e-15,0.2960000000000002,-5.489619148864327e-15,0.2960000000000002,4.785968779805983e-06
0.3040000000000002,0.3040000000000002,0.3040000000000002,0.2,0.3040000000000002,0.2415253619001211,0.3040000000000002,0.1004818814160768,0.3040000000000002,17.19075121401453,0.3040000000000002,54.54061325370861,0.3040000000000002,0.0003108973191952816,0.3040000000000002,-6.469296934628485e-14,0.3040000000000002,1.808515028392858e-05,0.3040000000000002,-1.406413247735428e-14,0.3040000000000002,-3.269632804960677e-15,0.3040000000000002,-5.504318986350545e-15,0.3040000000000002,5.700290125984995e-06
0.3120000000000002,0.3120000000000002,0.3120000000000002,0.2,0.3120000000000002,0.2415253619001211,0.3120000000000002,0.1057172231358411,0.3120000000000002,16.47035320964102,0.3120000000000002,50.22514957288301,0.3120000000000002,0.0003407966538686034,0.3120000000000002,-6.613860802899837e-14,0.3120000000000002,2.069152066956013e-05,0.3120000000000002,-1.42140154305139e-14,0.3120000000000002,-3.325968852036745e-15,0.3120000000000002,-5.519885085129672e-15,0.3120000000000002,6.78537857560911e-06
0.3200000000000002,0.3200000000000002,0.3200000000000002,0.2,0.3200000000000002,0.2415253619001211,0.3200000000000002,0.111116127947202,0.3200000000000002,15.76466260802578,0.3200000000000002,45.94839703542769,0.3200000000000002,0.0003710810945888601,0.3200000000000002,-6.739799892895674e-14,0.3200000000000002,2.353879076380783e-05,0.3200000000000002,-1.434156785971267e-14,0.3200000000000002,-3.388728884639779e-15,0.3200000000000002,-5.536432962472756e-15,0.3200000000000002,8.076040047768036e-06
0.3280000000000002,0.3280000000000002,0.3280000000000002,0.2,0.3280000000000002,0.2415253619001211,0.3280000000000002,0.1166611366341927,0.3280000000000002,15.07722476189028,0.3280000000000002,41.75703073216898,0.3280000000000002,0.0004014914061614355,0.3280000000000002,-6.850059816750436e-14,0.3280000000000002,2.662899920279699e-05,0.3280000000000002,-1.445050081664301e-14,0.3280000000000002,-3.458530539320428e-15,0.3280000000000002,-5.554083571497864e-15,0.3280000000000002,9.614941463070377e-06
0.3360000000000002,0.3360000000000002,0.3360000000000002,0.2,0.3360000000000002,0.2415253619001211,0.3360000000000002,0.1223354136148989,0.3360000000000002,14.41076525769264,0.3360000000000002,37.69636681060587,0.3360000000000002,0.0004317774265220811,0.3360000000000002,-6.947149964070322e-14,0.3360000000000002,2.996214418903102e-05,0.3360000000000002,-1.454392680065934e-14,0.3360000000000002,-3.536059093335856e-15,0.3360000000000002,-5.57296284939832e-15,0.3360000000000002,1.145408597840258e-05
0.3440000000000003,0.3440000000000003,0.3440000000000003,0.2,0.3440000000000003,0.2415253619001211,0.3440000000000003,0.1281229978449251,0.3440000000000003,13.76722894936852,0.3440000000000003,33.80867908344779,0.3440000000000003,0.000461701521355255,0.3440000000000003,-7.033170274271385e-14,0.3440000000000003,3.35362710285627e-05,0.3440000000000003,-1.462441503297384e-14,0.3440000000000003,-3.622071939970115e-15,0.3440000000000003,-5.593201675419213e-15,0.3440000000000003,1.365630169151734e-05
0.3520000000000003,0.3520000000000003,0.3520000000000003,0.2,0.3520000000000003,0.2415253619001211,0.3520000000000003,0.1340089832218575,0.3520000000000003,13.147851630605,0.3520000000000003,30.1314813719844,0.3520000000000003,0.000491040450198252,0.3520000000000003,-7.109855843721272e-14,0.3520000000000003,3.734758073008176e-05,0.3520000000000003,-1.469406246881373e-14,0.3520000000000003,-3.717402815221591e-15,0.3520000000000003,-5.614936027095926e-15,0.3520000000000003,1.62965917319555e-05
0.3600000000000003,0.3600000000000003,0.3600000000000003,0.2,0.3600000000000003,0.2415253619001211,0.3600000000000003,0.1399796346403827,0.3600000000000003,12.55325351867363,0.3600000000000003,26.69592733729453,0.3600000000000003,0.0005195860481294153,0.3600000000000003,-7.178627280502323e-14,0.3600000000000003,4.139054846293653e-05,0.3600000000000003,-1.475456707842271e-14,0.3600000000000003,-3.822965649796479e-15,0.3600000000000003,-5.638307176436747e-15,0.3600000000000003,1.946312040651787e-05
0.3680000000000003,0.3680000000000003,0.3680000000000003,0.2,0.3680000000000003,0.2415253619001211,0.3680000000000003,0.1460224481144467,0.3680000000000003,11.98354569702178,0.3680000000000003,23.52550737279169,0.3680000000000003,0.0005471452626231569,0.3680000000000003,-7.240639978418595e-14,0.3680000000000003,4.565804449360799e-05,0.3680000000000003,-1.480729624932618e-14,0.3680000000000003,-3.939757852544541e-15,0.3680000000000003,-5.663461807367508e-15,0.3680000000000003,2.325753293873504e-05
0.3760000000000003,0.3760000000000003,0.3760000000000003,0.2,0.3760000000000003,0.2415253619001211,0.3760000000000003,0.1521261644800599,0.3760000000000003,11.43844242712947,0.3760000000000003,20.63521173265837,0.3760000000000003,0.0005735401442856135,0.3760000000000003,-7.296828886905802e-14,0.3760000000000003,5.014145483023373e-05,0.3760000000000003,-1.48533471157749e-14,0.3760000000000003,-4.068862763942015e-15,0.3760000000000003,-5.690551962368365e-15,0.3760000000000003,2.779424566688109e-05
0.3840000000000003,0.3840000000000003,0.3840000000000003,0.2,0.3840000000000003,0.2415253619001211,0.3840000000000003,0.1582807463503988,0.3840000000000003,10.91737344285659,0.3840000000000003,18.03127838422592,0.3840000000000003,0.0005986083583565419,0.3840000000000003,-7.347947420221315e-14,0.3840000000000003,5.483080353458397e-05,0.3840000000000003,-1.489359792545228e-14,0.3840000000000003,-4.211450950561916e-15,0.3840000000000003,-5.719734742609555e-15,0.3840000000000003,3.3198331565898e-05
0.3920000000000003,0.3920000000000003,0.3920000000000003,0.2,0.3920000000000003,0.2415253619001211,0.3920000000000003,0.1644773274711084,0.3920000000000003,10.41959086533184,0.3920000000000003,15.71156319074688,0.3920000000000003,0.0006222046465318578,0.3920000000000003,-7.39460032128018e-14,0.3920000000000003,5.97148827219661e-05,0.3920000000000003,-1.492875078880541e-14,0.3920000000000003,-4.368779944549696e-15,0.3920000000000003,-5.751171695297423e-15,0.3920000000000003,3.960170219716247e-05
0.4000000000000003,0.4000000000000003,0.4000000000000003,0.2,0.4000000000000003,0.2415253619001211,0.4000000000000003,0.1707081426615413,0.4000000000000003,9.944265381075246,0.4000000000000003,13.6664784577723,0.4000000000000003,0.0006442034212977679,0.4000000000000003,-7.437270903095878e-14,0.4000000000000003,6.478139878747981e-05,0.4000000000000003,-1.495936673821924e-14,0.4000000000000003,-4.542191968509695e-15,0.4000000000000003,-5.785027827419979e-15,0.4000000000000003,4.713748485304941e-05
0.4080000000000003,0.4080000000000003,0.4080000000000003,0.2,0.4080000000000003,0.2415253619001211,0.4080000000000003,0.1769664453346223,0.4080000000000003,9.490566246907205,0.4080000000000003,11.88036605170796,0.4080000000000003,0.0006645023393228124,0.4080000000000003,-7.476343360298595e-14,0.4080000000000003,7.001714355468076e-05,0.4080000000000003,-1.498589422864628e-14,0.4080000000000003,-4.733109130458798e-15,0.4080000000000003,-5.821470189293747e-15,0.4080000000000003,5.593281692084577e-05
0.4160000000000003,0.4160000000000003,0.4160000000000003,0.2,0.4160000000000003,0.2415253619001211,0.4160000000000003,0.1832464183235236,0.4160000000000003,9.057720137270602,0.4160000000000003,10.33312117913985,0.4160000000000003,0.0006830263386149304,0.4160000000000003,-7.512120921016623e-14,0.4160000000000003,7.540819635245993e-05,0.4160000000000003,-1.500869221168187e-14,0.4160000000000003,-4.943025532351379e-15,0.4160000000000003,-5.860665976582096e-15,0.4160000000000003,6.610068020820275e-05
0.4240000000000003,0.4240000000000003,0.4240000000000003,0.2,0.4240000000000003,0.2415253619001211,0.4240000000000003,0.1895430825203986,0.4240000000000003,8.645045384648361,0.4240000000000003,9.001870764077696,0.4240000000000003,0.0006997313364111622,0.4240000000000003,-7.544840585896422e-14,0.4240000000000003,8.094015766020575e-05,0.4240000000000003,-1.50280488154135e-14,0.4240000000000003,-5.173495718076135e-15,0.4240000000000003,-5.90278010783295e-15,0.4240000000000003,7.773176873450199e-05
0.4320000000000003,0.4320000000000003,0.4320000000000003,0.2,0.4320000000000003,0.2415253619001211,0.4320000000000003,0.1958522067216267,0.4320000000000003,8.251960946100464,0.4320000000000003,7.862533569717611,0.4320000000000003,0.0007146066804836619,0.4320000000000003,-7.574685129578534e-14,0.4320000000000003,8.659840796061681e-05,0.4320000000000003,-1.504419652204308e-14,0.4320000000000003,-5.426118903723846e-15,0.4320000000000003,-5.94797224789086e-15,0.4320000000000003,9.088758402710738e-05
0.4400000000000003,0.4400000000000003,0.4400000000000003,0.2,0.4400000000000003,0.2415253619001211,0.4400000000000003,0.2021702211128279,0.4400000000000003,7.877973007825572,0.4400000000000003,6.891136913218097,0.4400000000000003,0.0007276755933032753,0.4400000000000003,-7.60179295047859e-14,0.4400000000000003,9.236837858954083e-05,0.4400000000000003,-1.505732458623164e-14,0.4400000000000003,-5.70251849666666e-15,0.4400000000000003,-5.99639326731199e-15,0.4400000000000003,0.0001055958693706257
0.4480000000000003,0.4480000000000003,0.4480000000000003,0.2,0.4480000000000003,0.2415253619001211,0.4480000000000003,0.2084941360278963,0.4480000000000003,7.522645522657248,0.4480000000000003,6.064822549137704,0.4480000000000003,0.0007389932264401065,0.4480000000000003,-7.62626626286199e-14,0.4480000000000003,9.82358166706135e-05,0.4480000000000003,-1.506758929510647e-14,0.4480000000000003,-6.004316533156357e-15,0.4480000000000003,-6.0481811552674e-15,0.4480000000000003,0.0001218491094261573
0.4560000000000003,0.4560000000000003,0.4560000000000003,0.2,0.4560000000000003,0.2415253619001211,0.4560000000000003,0.2148214669759452,0.4560000000000003,7.185563049776289,0.4560000000000003,5.362528629440859,0.4560000000000003,0.0007486424379525839,0.4560000000000003,-7.64817803813343e-14,0.4560000000000003,0.0001041870251180218,0.4560000000000003,-1.507512254256458e-14,0.4560000000000003,-6.333102857773408e-15,0.4560000000000003,-6.103456438830615e-15,0.4560000000000003,0.0001396062361033294
0.4640000000000004,0.4640000000000004,0.4640000000000004,0.2,0.4640000000000004,0.2415253619001211,0.4640000000000004,0.2211501664339065,0.4640000000000004,6.866294353364635,0.4640000000000004,4.765376370708521,0.4640000000000004,0.0007567278565528865,0.4640000000000004,-7.667578022458873e-14,0.4640000000000004,0.000110209061483592,0.4640000000000004,-1.508003907781533e-14,0.4640000000000004,-6.690399139167646e-15,0.4640000000000004,-6.162317204548787e-15,0.4640000000000004,0.0001587970807939301
0.4720000000000004,0.4720000000000004,0.4720000000000004,0.2,0.4720000000000004,0.2415253619001211,0.4720000000000004,0.2274785625320727,0.4720000000000004,6.564363409946993,0.4720000000000004,4.256815287831158,0.4720000000000004,0.0007633690671824324,0.4720000000000004,-7.684498085371196e-14,0.4720000000000004,0.0001162898851741127,0.4720000000000004,-1.50824426907923e-14,0.4720000000000004,-7.077618165181329e-15,0.4720000000000004,-6.22483386709913e-15,0.4720000000000004,0.0001793286801437344
0.4800000000000004,0.4800000000000004,0.4800000000000004,0.2,0.4800000000000004,0.2415253619001211,0.4800000000000004,0.2338053044941572,0.4800000000000004,6.27923154265674,0.4800000000000004,3.822590374690454,0.4800000000000004,0.0007686937898141091,0.4800000000000004,-7.698957088003164e-14,0.4800000000000004,0.0001224184495496821,0.4800000000000004,-1.508243151424718e-14,0.4800000000000004,-7.496019276579912e-15,0.4800000000000004,-6.291043881464702e-15,0.4800000000000004,0.0002010923783264003
0.4880000000000004,0.4880000000000004,0.4880000000000004,0.2,0.4880000000000004,0.2415253619001211,0.4880000000000004,0.2401293145122891,0.4880000000000004,6.010291364951737,0.4880000000000004,3.450592170224155,0.4880000000000004,0.0007728317636544938,0.4880000000000004,-7.710965399111852e-14,0.4880000000000004,0.0001285847418583555,0.4880000000000004,-1.50801025532968e-14,0.4880000000000004,-7.946661259417586e-15,0.4880000000000004,-6.360946644695604e-15,0.4880000000000004,0.0002239707637209093
0.4960000000000004,0.4960000000000004,0.4960000000000004,0.2,0.4960000000000004,0.2415253619001211,0.4960000000000004,0.2464497456226854,0.4960000000000004,5.756870886354275,0.4960000000000004,3.130641019920266,0.4960000000000004,0.0007759097837027231,0.4960000000000004,-7.720529131671022e-14,0.4960000000000004,0.0001347797786368916,0.4960000000000004,-1.507555549770929e-14,0.4960000000000004,-8.430354484575787e-15,0.4960000000000004,-6.434498874827458e-15,0.4960000000000004,0.0002478437415103201
0.5040000000000003,0.5040000000000003,0.5040000000000003,0.2,0.5040000000000003,0.2415253619001211,0.5040000000000003,0.2527659450835926,0.5040000000000003,5.518244865641846,0.5040000000000003,2.854244348329391,0.5040000000000003,0.0007780480618155451,0.5040000000000003,-7.727654122853781e-14,0.5040000000000003,0.0001409955666630729,0.5040000000000003,-1.506889583058444e-14,0.5040000000000003,-8.947614509051467e-15,0.5040000000000003,-6.511610780907932e-15,0.5040000000000003,0.0002725933616268496
0.5120000000000003,0.5120000000000003,0.5120000000000003,0.2,0.5120000000000003,0.2415253619001211,0.5120000000000003,0.2590774227301406,0.5120000000000003,5.29365022363236,0.5120000000000003,2.614353482008319,0.5120000000000003,0.0007793578658961068,0.5120000000000003,-7.732349636882729e-14,0.5120000000000003,0.0001472250399956539,0.5120000000000003,-1.506023721988937e-14,0.5120000000000003,-9.49861967763244e-15,0.5120000000000003,-6.592143342341883e-15,0.5120000000000003,0.0002981073031093761
0.5200000000000004,0.5200000000000004,0.5200000000000004,0.2,0.5200000000000004,0.2415253619001211,0.5200000000000004,0.2653838237806586,0.5200000000000004,5.082302737318588,0.5200000000000004,2.405136219982857,0.5200000000000004,0.0007799402545651863,0.5200000000000004,-7.734631735339169e-14,0.5200000000000004,0.000153461982663749,0.5200000000000004,-1.504970316701976e-14,0.5200000000000004,-1.008317542412704e-14,0.5200000000000004,-6.67590699214017e-15,0.5200000000000004,0.0003242811147597892
0.5280000000000004,0.5280000000000004,0.5280000000000004,0.2,0.5280000000000004,0.2415253619001211,0.5280000000000004,0.2716849055868585,0.5280000000000004,4.88341297247277,0.5280000000000004,2.221773551071881,0.5280000000000004,0.0007798856656622804,0.5280000000000004,-7.734526235263014e-14,0.5280000000000004,0.0001597009448227058,0.5280000000000004,-1.503742788905031e-14,0.5280000000000004,-1.070068791478413e-14,0.5280000000000004,-6.762661943950763e-15,0.5280000000000004,0.0003510194210773773
0.5360000000000004,0.5360000000000004,0.5360000000000004,0.2,0.5360000000000004,0.2415253619001211,0.5360000000000004,0.2779805178501947,0.5360000000000004,4.696200192780141,0.5360000000000004,2.060283570330247,0.5360000000000004,0.0007792741144172152,0.5360000000000004,-7.732071163713705e-14,0.5360000000000004,0.0001659371582191696,0.5360000000000004,-1.502355642746141e-14,0.5360000000000004,-1.135014936883882e-14,0.5360000000000004,-6.852120317560238e-15,0.5360000000000004,0.0003782363387445272
0.5440000000000004,0.5440000000000004,0.5440000000000004,0.2,0.5440000000000004,0.2415253619001211,0.5440000000000004,0.2842705858632031,0.5440000000000004,4.519903646255723,0.5440000000000004,1.917372313897634,0.5440000000000004,0.0007781757875384391,0.5440000000000004,-7.727318619607676e-14,0.5440000000000004,0.0001721664549606222,0.5440000000000004,-1.500824400341899e-14,0.5440000000000004,-1.203013682789159e-14,0.5440000000000004,-6.943950107002974e-15,0.5440000000000004,0.0004058553374834977
0.5520000000000004,0.5520000000000004,0.5520000000000004,0.2,0.5520000000000004,0.2415253619001211,0.5520000000000004,0.2905550963746415,0.5520000000000004,4.353791111448618,0.5520000000000004,1.790309384599829,0.5520000000000004,0.0007766518635443708,0.5520000000000004,-7.720335969533908e-14,0.5520000000000004,0.0001783851920463224,0.5520000000000004,-1.499165467433797e-14,0.5520000000000004,-1.273882535888906e-14,0.5520000000000004,-7.037780909115518e-15,0.5520000000000004,0.0004338087429050529
0.5600000000000004,0.5600000000000004,0.5600000000000004,0.2,0.5600000000000004,0.2415253619001211,0.5600000000000004,0.2968340857180792,0.5600000000000004,4.197164889446426,0.5600000000000004,1.676825398422217,0.5600000000000004,0.0007747554347780611,0.5600000000000004,-7.711206332226331e-14,0.5600000000000004,0.000184590182941603,0.5600000000000004,-1.497395938363689e-14,0.5600000000000004,-1.347401573294764e-14,0.5600000000000004,-7.133211201437083e-15,0.5600000000000004,0.0004620370346889158
0.5680000000000004,0.5680000000000004,0.5680000000000004,0.2,0.5680000000000004,0.2415253619001211,0.5680000000000004,0.3031076298834342,0.5680000000000004,4.049365587155549,0.5680000000000004,1.575028065085002,0.5680000000000004,0.0007725324459889016,0.5680000000000004,-7.700028343202393e-14,0.5680000000000004,0.0001907786366437852,0.5680000000000004,-1.495533353000555e-14,0.5680000000000004,-1.423317562120893e-14,0.5680000000000004,-7.229816841545575e-15,0.5680000000000004,0.000490488051047655
0.5760000000000004,0.5760000000000004,0.5760000000000004,0.2,0.5760000000000004,0.2415253619001211,0.5760000000000004,0.3093758362488196,0.5760000000000004,3.909774095108584,0.5760000000000004,1.483333853192631,0.5760000000000004,0.0007700225956382456,0.5760000000000004,-7.686915232275225e-14,0.5760000000000004,0.0001969481041379001,0.5760000000000004,-1.493595420920461e-14,0.5760000000000004,-1.501349240121158e-14,0.5760000000000004,-7.327160369235681e-15,0.5760000000000004,0.000519116174676995
0.5840000000000004,0.5840000000000004,0.5840000000000004,0.2,0.5840000000000004,0.2415253619001211,0.5840000000000004,0.3156388367252945,0.5840000000000004,3.777812157193826,0.5840000000000004,1.400412502398052,0.5840000000000004,0.0007672601691634646,0.5840000000000004,-7.67199328711546e-14,0.5840000000000004,0.0002030964318072986,0.5840000000000004,-1.491599729656641e-14,0.5840000000000004,-1.581193488139544e-14,0.5840000000000004,-7.424800639214795e-15,0.5840000000000004,0.0005478815476508644
0.5920000000000004,0.5920000000000004,0.5920000000000004,0.2,0.5920000000000004,0.2415253619001211,0.5920000000000004,0.3218967820992362,0.5920000000000004,3.652941889294673,0.5920000000000004,1.325142021242131,0.5920000000000004,0.000764274789472086,0.5920000000000004,-7.655399810867574e-14,0.5920000000000004,0.0002092217211866086,0.5920000000000004,-1.489563453988081e-14,0.5920000000000004,-1.662532071414626e-14,0.5920000000000004,-7.522302300966217e-15,0.5920000000000004,0.0005767493425011815
0.6000000000000004,0.6000000000000004,0.6000000000000004,0.2,0.6000000000000004,0.2415253619001211,0.6000000000000004,0.3281498373860672,0.6000000000000004,3.534664548691045,0.6000000000000004,1.25657218693085,0.6000000000000004,0.0007610920804590161,0.6000000000000004,-7.637280707066879e-14,0.6000000000000004,0.0002153222943720768,0.6000000000000004,-1.487503082016459e-14,0.6000000000000004,-1.745038603031387e-14,0.6000000000000004,-7.619244673894398e-15,0.6000000000000004,0.0006056891027629435
0.6080000000000004,0.6080000000000004,0.6080000000000004,0.2,0.6080000000000004,0.2415253619001211,0.6080000000000004,0.334398178034814,0.6080000000000004,3.422518798417258,0.6080000000000004,1.193894910181641,0.6080000000000004,0.000757734245811453,0.6080000000000004,-7.617787838349398e-14,0.6080000000000004,0.0002213966643989284,0.6080000000000004,-1.485434171378995e-14,0.6080000000000004,-1.828385389890001e-14,0.6080000000000004,-7.715229633932266e-15,0.6080000000000004,0.0006346741571217272
0.6160000000000004,0.6160000000000004,0.6160000000000004,0.2,0.6160000000000004,0.2415253619001211,0.6160000000000004,0.3406419868460884,0.6160000000000004,3.316078657277347,0.6160000000000004,1.136420130966147,0.6160000000000004,0.0007542205690135353,0.6160000000000004,-7.597076306087498e-14,0.6160000000000004,0.0002274435099297427,0.6160000000000004,-1.483371145691597e-14,0.6160000000000004,-1.912249856221002e-14,0.6160000000000004,-7.809888222225151e-15,0.6160000000000004,0.0006636811056596838
0.6240000000000004,0.6240000000000004,0.6240000000000004,0.2,0.6240000000000004,0.2415253619001211,0.6240000000000004,0.3468814514858332,0.6240000000000004,3.214951279944794,0.6240000000000004,1.083556166671842,0.6240000000000004,0.00075056784222983,0.6240000000000004,-7.575301787213665e-14,0.6240000000000004,0.0002334616536532488,0.6240000000000004,-1.481327137624734e-14,0.6240000000000004,-1.99632029549235e-14,0.6240000000000004,-7.90288579476175e-15,0.6240000000000004,0.000692689373486941
0.6320000000000005,0.6320000000000005,0.6320000000000005,0.2,0.6320000000000005,0.2415253619001211,0.6320000000000005,0.3531167624950011,0.6320000000000005,3.11877467337093,0.6320000000000005,1.034793645580532,0.6320000000000005,0.0007467907323192369,0.6320000000000005,-7.552618044527684e-14,0.6320000000000005,0.0002394500438573707,0.6320000000000005,-1.479313881301426e-14,0.6320000000000005,-2.08030077028024e-14,0.6320000000000005,-7.993925641226247e-15,0.6320000000000005,0.0007216808254560534
0.6400000000000005,0.6400000000000005,0.6400000000000005,0.2,0.6400000000000005,0.2415253619001211,0.6400000000000005,0.359348111710294,0.6400000000000005,3.027215425249246,0.6400000000000005,0.98969233076234,0.6400000000000005,0.0007429020920861397,0.6400000000000005,-7.529174700896554e-14,0.6400000000000005,0.000245407738706155,0.6400000000000005,-1.477341653332655e-14,0.6400000000000005,-2.163915052730747e-14,0.6400000000000005,-8.082751100982096e-15,0.6400000000000005,0.0007506394350998934
0.6480000000000005,0.6480000000000005,0.6480000000000005,0.2,0.6480000000000005,0.2415253619001211,0.6480000000000005,0.3655756910243421,0.6480000000000005,2.939966496611982,0.6480000000000005,0.947870278383624,0.6480000000000005,0.0007389132243330295,0.6480000000000005,-7.505115339303839e-14,0.6480000000000005,0.0002513338928131334,0.6480000000000005,-1.475419259030748e-14,0.6480000000000005,-2.246909567987906e-14,0.6480000000000005,-8.169146286069446e-15,0.6480000000000005,0.0007795510010009777
0.6560000000000005,0.6560000000000005,0.6560000000000005,0.2,0.6560000000000005,0.2415253619001211,0.6560000000000005,0.371799691424915,0.6560000000000005,2.85674511266377,0.6560000000000005,0.9089948857305135,0.6560000000000005,0.0007348341055445815,0.6560000000000005,-7.480575962715222e-14,0.6560000000000005,0.000257227745761335,0.6560000000000005,-1.473554058309599e-14,0.6560000000000005,-2.329055363588304e-14,0.6560000000000005,-8.252935581027739e-15,0.6560000000000005,0.000808402904218798
0.6640000000000005,0.6640000000000005,0.6640000000000005,0.2,0.6640000000000005,0.2415253619001211,0.6640000000000005,0.3780203022624846,0.6640000000000005,2.777290772590722,0.6640000000000005,0.8727754730680827,0.6640000000000005,0.0007306735752351165,0.6640000000000005,-7.455683822562947e-14,0.6640000000000005,0.0002630886122716423,0.6640000000000005,-1.471752024524162e-14,0.6640000000000005,-2.410149175712876e-14,0.6640000000000005,-8.333982126220315e-15,0.6640000000000005,0.0008371839009941092
0.6720000000000005,0.6720000000000005,0.6720000000000005,0.2,0.6720000000000005,0.2415253619001211,0.6720000000000005,0.3842377107036143,0.6720000000000005,2.701363389342775,0.6720000000000005,0.8389571141633216,0.6720000000000005,0.0007264394962047533,0.6720000000000005,-7.430556603862753e-14,0.6720000000000005,0.0002689158737662794,0.6720000000000005,-1.470017828963209e-14,0.6720000000000005,-2.490013696896854e-14,0.6720000000000005,-8.412185506820218e-15,0.6720000000000005,0.0008658839456045614
0.6800000000000005,0.6800000000000005,0.6800000000000005,0.2,0.6800000000000005,0.2415253619001211,0.6800000000000005,0.3904521013347744,0.6800000000000005,2.628741563443034,0.6800000000000005,0.8073154865341707,0.6800000000000005,0.0007221388902153823,0.6800000000000005,-7.405301939299109e-14,0.6800000000000005,0.0002747089711132085,0.6800000000000005,-1.46835494377106e-14,0.6800000000000005,-2.568497169687974e-14,0.6800000000000005,-8.487478867216141e-15,0.6800000000000005,0.0008944940388986541
0.6880000000000005,0.6880000000000005,0.6880000000000005,0.2,0.6880000000000005,0.2415253619001211,0.6880000000000005,0.396663655887055,0.6880000000000005,2.55922099005472,0.6880000000000005,0.7776525572115605,0.6880000000000005,0.000717778052935516,0.6880000000000005,-7.380017214098934e-14,0.6880000000000005,0.0002804673983706012,0.6880000000000005,-1.466765756588052e-14,0.6880000000000005,-2.645472438457629e-14,0.6880000000000005,-8.559825654725963e-15,0.6880000000000005,0.0009230060986480424
0.6960000000000005,0.6960000000000005,0.6960000000000005,0.2,0.6960000000000005,0.2415253619001211,0.6960000000000005,0.4028725530573293,0.6960000000000005,2.492612995296591,0.6960000000000005,0.7497929554014721,0.6960000000000005,0.0007133626514192539,0.6960000000000005,-7.354789617705476e-14,0.6960000000000005,0.000286190697378966,0.6960000000000005,-1.465251691013302e-14,0.6960000000000005,-2.720835589495193e-14,0.6960000000000005,-8.629216171718705e-15,0.6960000000000005,0.0009514128484139841
0.7040000000000005,0.7040000000000005,0.7040000000000005,0.2,0.7040000000000005,0.2415253619001211,0.7040000000000005,0.4090789684056514,0.7040000000000005,2.428743195724622,0.7040000000000005,0.7235809118125222,0.7040000000000005,0.0007088978068780478,0.7040000000000005,-7.329696396398357e-14,0.7040000000000005,0.0002918784530725501,0.7040000000000005,-1.463813327968505e-14,0.7040000000000005,-2.794504300294502e-14,0.7040000000000005,-8.695664085683113e-15,0.7040000000000005,0.0009797077221154243
0.7120000000000005,0.7120000000000005,0.7120000000000005,0.2,0.7120000000000005,0.2415253619001211,0.7120000000000005,0.4152830743122827,0.7120000000000005,2.367450273669969,0.7120000000000005,0.6988776670794448,0.7120000000000005,0.0007043881650691838,0.7120000000000005,-7.304805262184869e-14,0.7120000000000005,0.0002975302894019311,0.7120000000000005,-1.462450524064085e-14,0.7120000000000005,-2.866416005110961e-14,0.7120000000000005,-8.759203015844824e-15,0.7120000000000005,0.001007884781914361
0.7200000000000005,0.7200000000000005,0.7200000000000005,0.2,0.7200000000000005,0.2415253619001211,0.7200000000000005,0.4214850399806521,0.7200000000000005,2.308584860499763,0.7200000000000005,0.6755592698560444,0.7200000000000005,0.0006998379562548391,0.7200000000000005,-7.28017491661026e-14,0.7200000000000005,0.0003031458657767721,0.7200000000000005,-1.461162524054504e-14,0.7200000000000005,-2.936525967625798e-14,0.7200000000000005,-8.819883285154047e-15,0.7200000000000005,0.001035938647402423
0.7280000000000005,0.7280000000000005,0.7280000000000005,0.2,0.7280000000000005,0.2415253619001211,0.7280000000000005,0.4276850314752138,0.7280000000000005,2.252008519665867,0.7280000000000005,0.6535146997117103,0.7280000000000005,0.0006952510463723269,0.7280000000000005,-7.255855652793008e-14,0.7280000000000005,0.0003087248739520664,0.7280000000000005,-1.459948065361444e-14,0.7280000000000005,-3.004805334647664e-14,0.7280000000000005,-8.877768899526333e-15,0.7280000000000005,0.001063864434386905
0.7360000000000005,0.7360000000000005,0.7360000000000005,0.2,0.7360000000000005,0.2415253619001211,0.7360000000000005,0.4338832117851207,0.7360000000000005,2.197592821494101,0.7360000000000005,0.6326442616833298,0.7360000000000005,0.0006906309807921571,0.7360000000000005,-7.23189000431157e-14,0.7360000000000005,0.0003142670352932332,0.7360000000000005,-1.45880547341023e-14,0.7360000000000005,-3.071239228482147e-14,0.7360000000000005,-8.932934793063585e-15,0.7360000000000005,0.001091657701841059
0.7440000000000005,0.7440000000000005,0.7440000000000005,0.2,0.7440000000000005,0.2415253619001211,0.7440000000000005,0.4400797409064284,0.7440000000000005,2.145218501944061,0.7440000000000005,0.6128582087918344,0.7440000000000005,0.0006859810218187199,0.7440000000000005,-7.208313415037414e-14,0.7440000000000005,0.0003197720983655219,0.7440000000000005,-1.457732747154154e-14,0.7440000000000005,-3.135824920740483e-14,0.7440000000000005,-8.985464358973412e-15,0.7440000000000005,0.001119314405808543
0.7520000000000006,0.7520000000000006,0.7520000000000006,0.2,0.7520000000000006,0.2415253619001211,0.7520000000000006,0.4462747759370468,0.7520000000000006,2.094774697966224,0.7520000000000006,0.5940755564886692,0.7520000000000006,0.0006813041809023157,0.7520000000000006,-7.185154909257895e-14,0.7520000000000006,0.0003252398368016587,0.7520000000000006,-1.456727634654964e-14,0.7520000000000006,-3.198570117408511e-14,0.7520000000000006,-9.035447270982862e-15,0.7520000000000006,0.001146830859241572
0.7600000000000006,0.7600000000000006,0.7600000000000006,0.2,0.7600000000000006,0.2415253619001211,0.7600000000000006,0.4524684711797552,0.7600000000000006,2.046158252548062,0.7600000000000006,0.5762230592145686,0.7600000000000006,0.0006766032463754778,0.7600000000000006,-7.162437746226483e-14,0.7600000000000006,0.0003306700474087779,0.7600000000000006,-1.455787698956799e-14,0.7600000000000006,-3.259491374139898e-14,0.7600000000000006,-9.082977588875e-15,0.7600000000000006,0.001174203696911634
0.7680000000000006,0.7680000000000006,0.7680000000000006,0.2,0.7680000000000006,0.2415253619001211,0.7680000000000006,0.4586609782496643,0.7680000000000006,1.999273083038216,0.7680000000000006,0.5592343243173074,0.7680000000000006,0.0006718808073961265,0.7680000000000006,-7.140180047486594e-14,0.7680000000000006,0.00033606254848164,0.7680000000000006,-1.454910374751335e-14,0.7680000000000006,-3.318612651958111e-14,0.7680000000000006,-9.128152133879354e-15,0.7680000000000006,0.001201429844665443
0.7760000000000006,0.7760000000000006,0.7760000000000006,0.2,0.7760000000000006,0.2415253619001211,0.7760000000000006,0.4648524461832566,0.7760000000000006,1.95402960684265,0.7760000000000006,0.5430490427133912,0.7760000000000006,0.0006671392746710248,0.7760000000000006,-7.118395388888625e-14,0.7760000000000006,0.000341417178294156,0.7760000000000006,-1.454093016501842e-14,0.7760000000000006,-3.375964016701494e-14,0.7760000000000006,-9.171069114474647e-15,0.7760000000000006,0.001228506492411084
0.7840000000000006,0.7840000000000006,0.7840000000000006,0.2,0.7840000000000006,0.2415253619001211,0.7840000000000006,0.471043021546844,0.7840000000000006,1.910344219082621,0.7840000000000006,0.5276123190709008,0.7840000000000006,0.0006623808984417775,0.7840000000000006,-7.097093352163569e-14,0.7840000000000006,0.0003467337937454465,0.7840000000000006,-1.453332938791486e-14,0.7840000000000006,-3.431580480403094e-14,0.7840000000000006,-9.211826980171421e-15,0.7840000000000006,0.001255431070313517
0.7920000000000006,0.7920000000000006,0.7920000000000006,0.2,0.7920000000000006,0.2415253619001211,0.7920000000000006,0.4772328485428361,0.7920000000000006,1.868138817280109,0.7920000000000006,0.5128740870801249,0.7920000000000006,0.000657607784139266,0.7920000000000006,-7.0762800332727e-14,0.7920000000000006,0.0003520122691402097,0.7920000000000006,-1.452627449703001e-14,0.7920000000000006,-3.485500979107461e-14,0.7920000000000006,-9.250523479531922e-15,0.7920000000000006,0.001282201227757739
0.8,0.8,0.8,0.2,0.8,0.2415253619001211,0.8,0.4834220691125405,0.8,1.82734036858596,0.8,0.4987885976795537,0.8,0.0006528219060485724,0.8,-7.055958506584076e-14,0.8,0.0003572524950861483,0.8,-1.451973878037497e-14,0.8,-3.537767479132931e-14,0.8,-9.287254898616887e-15,0.8,0.001308814814704279
