PM0:vgs X,PM0:vgs Y,PM0:vds X,PM0:vds Y,PM0:vth X,PM0:vth Y,PM0:vdsat X,PM0:vdsat Y,PM0:gmoverid X,PM0:gmoverid Y,PM0:self_gain X,PM0:self_gain Y,PM0:gds X,PM0:gds Y,PM0:gm X,PM0:gm Y,PM0:cgs X,PM0:cgs Y,PM0:id X,PM0:id Y,PM0:csb X,PM0:csb Y,PM0:cgd X,PM0:cgd Y,PM0:cdb X,PM0:cdb Y
0,0,0,-0.2,0,-0.2724479982008311,0,-0.04019992171373042,0,30.80994091735009,0,94.39360732561973,0,4.635869892505119e-10,0,4.375964822457912e-08,0,-3.095904944812198e-15,0,-1.420309414035314e-09,0,-8.830182140329812e-15,0,-3.099993248595832e-15,0,-7.995192178322372e-15
0.008,-0.008000000000000007,0.008,-0.2,0.008,-0.2724479982008311,0.008,-0.04020482274572887,0.008,30.74575357383149,0.008,94.27823915480032,0.008,5.925047599407107e-10,0.008,5.586030545804787e-08,0.008,-3.096279973250177e-15,0.008,-1.816846226527658e-09,0.008,-8.83035133777398e-15,0.008,-3.099991303415557e-15,0.008,-7.995194108459533e-15
0.016,-0.01600000000000001,0.016,-0.2,0.016,-0.2724479982008311,0.016,-0.04021107485693799,0.016,30.67426129935948,0.016,94.14968582865777,0.016,7.567860403072124e-10,0.016,7.125116793443798e-08,0.016,-3.096870400151134e-15,0.016,-2.322832427529074e-09,0.016,-8.830567814714278e-15,0.016,-3.099988798531765e-15,0.016,-7.99519657798909e-15
0.024,-0.02400000000000002,0.024,-0.2,0.024,-0.2724479982008311,0.024,-0.04021904330853704,0.024,30.59474475175139,0.024,94.00654732901378,0.024,9.659267680746566e-10,0.024,9.080344043937152e-08,0.024,-3.097736720079773e-15,0.024,-2.967942438351248e-09,0.024,-8.830844767391144e-15,0.024,-3.099985573134572e-15,0.024,-7.995199737491591e-15
0.032,-0.03200000000000003,0.032,-0.2,0.032,-0.2724479982008311,0.032,-0.04022918899633716,0.032,30.5064516804609,0.032,93.84732819877732,0.032,1.231888933325443e-09,0.032,1.156094850302345e-07,0.032,-3.098956686131029e-15,0.032,-3.789673316925283e-09,0.032,-8.831199068567117e-15,0.032,-3.099981420303128e-15,0.032,-7.995203779519236e-15
0.04,-0.04000000000000004,0.04,-0.2,0.04,-0.2724479982008311,0.04,-0.04024209215811856,0.04,30.40860655309991,0.04,93.67044618026678,0.04,1.569708006291631e-09,0.04,1.470352493220741e-07,0.04,-3.100630214332445e-15,0.04,-4.835316934359355e-09,0.04,-8.831652288396256e-15,0.04,-3.099976073826466e-15,0.04,-7.995208950262677e-15
0.048,-0.04800000000000004,0.048,-0.2,0.048,-0.2724479982008311,0.048,-0.04025848139553933,0.048,30.30042389841388,0.048,93.4742461460588,0.048,1.998237791130897e-09,0.048,1.867837711465263e-07,0.048,-3.102885674721549e-15,0.048,-6.164394685168829e-09,0.048,-8.832231996810092e-15,0.048,-3.099969191281009e-15,0.048,-7.995215564443121e-15
0.056,-0.05600000000000005,0.056,-0.2,0.056,-0.2724479982008311,0.056,-0.04027926896686637,0.056,30.18112597542277,0.056,93.2570204176499,0.056,2.541059753053114e-09,0.056,2.369716612729427e-07,0.056,-3.105887956827305e-15,0.056,-7.851650808310612e-09,0.056,-8.832973423866807e-15,0.056,-3.09996033231561e-15,0.056,-7.995224024310726e-15
0.064,-0.06400000000000006,0.064,-0.2,0.064,-0.2724479982008311,0.064,-0.04030559338027642,0.064,30.04996530245584,0.064,93.01703653005549,0.064,3.227588122532966e-09,0.064,3.002206822976221e-07,0.064,-3.109848802953074e-15,0.064,-9.990716467048252e-09,0.064,-8.833921574524573e-15,0.064,-3.099948930809993e-15,0.064,-7.995234843864354e-15
0.07200000000000001,-0.07200000000000006,0.07200000000000001,-0.2,0.07200000000000001,-0.2724479982008311,0.07200000000000001,-0.04033887034941126,0.07200000000000001,29.90625240237814,0.07200000000000001,92.75257330847391,0.07200000000000001,4.09440690172899e-09,0.07200000000000001,3.797667763073397e-07,0.07200000000000001,-3.115040035330686e-15,0.07200000000000001,-1.269857460163634e-08,0.07200000000000001,-8.835133919073357e-15,0.07200000000000001,-3.099934259215932e-15,0.07200000000000001,-7.995248679699754e-15
0.08000000000000002,-0.08000000000000007,0.08000000000000002,-0.2,0.08000000000000002,-0.2724479982008311,0.08000000000000002,-0.04038085313919194,0.08000000000000002,29.7493888006872,0.08000000000000002,92.46196570346487,0.08000000000000002,5.186880483609928e-09,0.08000000000000002,4.795891653835124e-07,0.08000000000000002,-3.121810468582253e-15,0.08000000000000002,-1.612097544160118e-08,0.08000000000000002,-8.836683810802635e-15,0.08000000000000002,-3.099915382948546e-15,0.08000000000000002,-7.995266370254732e-15
0.08800000000000002,-0.08800000000000008,0.08800000000000002,-0.2,0.08800000000000002,-0.2724479982008311,0.08800000000000002,-0.04043370319708051,0.08800000000000002,29.57890480544821,0.08800000000000002,92.14365808040169,0.08800000000000002,6.56108628100945e-09,0.08800000000000002,6.045624909133491e-07,0.08800000000000002,-3.130607503005113e-15,0.08800000000000002,-2.043897486265246e-08,0.08800000000000002,-8.838664819109086e-15,0.08800000000000002,-3.099891102154144e-15,0.08800000000000002,-7.995288985662666e-15
0.09600000000000003,-0.09600000000000009,0.09600000000000003,-0.2,0.09600000000000003,-0.2724479982008311,0.09600000000000003,-0.04050007169409123,0.09600000000000003,29.39450085671519,0.09600000000000003,91.79626446644887,0.09600000000000003,8.286126074383079e-09,0.09600000000000003,7.60635420526407e-07,0.09600000000000003,-3.142004642589618e-15,0.09600000000000003,-2.587679325118434e-08,0.09600000000000003,-8.841196209551107e-15,0.09600000000000003,-3.099859877530696e-15,0.09600000000000003,-7.995317890960551e-15
0.104,-0.1040000000000001,0.104,-0.2,0.104,-0.2724479982008311,0.104,-0.04058319214584129,0.104,29.19609022357152,0.104,91.41863251011119,0.104,1.04468834627201e-08,0.104,9.55039800154367e-07,0.104,-3.156736478094196e-15,0.104,-3.27112224171047e-08,0.104,-8.844429852001407e-15,0.104,-3.099819736115322e-15,0.104,-7.995354826030196e-15
0.112,-0.1120000000000001,0.112,-0.2,0.112,-0.2724479982008311,0.112,-0.04068698359948422,0.112,28.98383954285772,0.112,91.00990551850418,0.112,1.314730877370707e-08,0.112,1.196535329317681e-06,0.112,-3.175743018973723e-15,0.112,-4.128284413115409e-08,0.112,-8.84855889227231e-15,0.112,-3.099768152097025e-15,0.112,-7.995402006376959e-15
0.1200000000000001,-0.1200000000000001,0.1200000000000001,-0.2,0.1200000000000001,-0.2724479982008311,0.1200000000000001,-0.0408161629152364,0.1200000000000001,28.75820218231346,0.1200000000000001,90.56957390283803,0.1200000000000001,1.651433105256643e-08,0.1200000000000001,1.495695926721348e-06,0.1200000000000001,-3.200225637897865e-15,0.1200000000000001,-5.200936825206244e-08,0.1200000000000001,-8.853828577024204e-15,0.1200000000000001,-3.099701896814735e-15,0.1200000000000001,-7.995462249644063e-15
0.1280000000000001,-0.1280000000000001,0.1280000000000001,-0.2,0.1280000000000001,-0.2724479982008311,0.1280000000000001,-0.04097636341312443,0.1280000000000001,28.51993780606391,0.1280000000000001,90.09750383464757,0.1280000000000001,2.07025200647503e-08,0.1280000000000001,1.865245380920708e-06,0.1280000000000001,-3.231717279223349e-15,0.1280000000000001,-6.540145334268467e-08,0.1280000000000001,-8.860549667528458e-15,0.1280000000000001,-3.099616851278952e-15,0.1280000000000001,-7.995539133559299e-15
0.1360000000000001,-0.1360000000000001,0.1360000000000001,-0.2,0.1360000000000001,-0.2724479982008311,0.1360000000000001,-0.04117425559519412,0.1360000000000001,28.27011007884848,0.1360000000000001,89.59392729612873,0.1360000000000001,2.589964961060072e-08,0.1360000000000001,2.320451324207369e-06,0.1360000000000001,-3.272169916672607e-15,0.1360000000000001,-8.20814393211372e-08,0.1360000000000001,-8.869114898500888e-15,0.1360000000000001,-3.099507774043863e-15,0.1360000000000001,-7.99563719168682e-15
0.1440000000000001,-0.1440000000000001,0.1440000000000001,-0.2,0.1440000000000001,-0.2724479982008311,0.1440000000000001,-0.04141766383490703,0.1440000000000001,28.01005357604719,0.1440000000000001,89.05937476326719,0.1440000000000001,3.233334529993737e-08,0.1440000000000001,2.879587516417246e-06,0.1440000000000001,-3.324062407858918e-15,0.1440000000000001,-1.028054983694704e-07,0.1440000000000001,-8.880018905112944e-15,0.1440000000000001,-3.099368017486384e-15,0.1440000000000001,-7.995762153672747e-15
0.1520000000000001,-0.1520000000000001,0.1520000000000001,-0.2,0.1520000000000001,-0.2724479982008311,0.1520000000000001,-0.04171567095196137,0.1520000000000001,27.74130123375155,0.1520000000000001,88.49453066828571,0.1520000000000001,4.027903118860879e-08,0.1520000000000001,3.564473960809176e-06,0.1520000000000001,-3.390531672459168e-15,0.1520000000000001,-1.284897897034619e-07,0.1520000000000001,-8.893881906811041e-15,0.1520000000000001,-3.099189187275558e-15,0.1520000000000001,-7.995921236218472e-15
0.1600000000000001,-0.1600000000000001,0.1600000000000001,-0.2,0.1600000000000001,-0.2724479982008311,0.1600000000000001,-0.0420787006433638,0.1600000000000001,27.46546574581441,0.1600000000000001,87.89999411530336,0.1600000000000001,5.006941282013637e-08,0.1600000000000001,4.401101092246682e-06,0.1600000000000001,-3.475529153940658e-15,0.1600000000000001,-1.602412693010757e-07,0.1600000000000001,-8.911477124898972e-15,0.1600000000000001,-3.098960744315582e-15,0.1600000000000001,-7.996123489109529e-15
0.1680000000000001,-0.1680000000000001,0.1680000000000001,-0.2,0.1680000000000001,-0.2724479982008311,0.1680000000000001,-0.04251856608100924,0.1680000000000001,27.18407283003425,0.1680000000000001,87.27593475916269,0.1680000000000001,6.210573791742569e-08,0.1680000000000001,5.420336330650901e-06,0.1680000000000001,-3.584002217045969e-15,0.1680000000000001,-1.993938276041482e-07,0.1680000000000001,-8.93376130680054e-15,0.1680000000000001,-3.098669557786436e-15,0.1680000000000001,-7.996380196198759e-15
0.1760000000000001,-0.1760000000000002,0.1760000000000001,-0.2,0.1760000000000001,-0.2724479982008311,0.1760000000000001,-0.04304847194715156,0.1760000000000001,26.89835160514566,0.1760000000000001,86.6216475941242,0.1760000000000001,7.687104593949893e-08,0.1760000000000001,6.658696651563009e-06,0.1760000000000001,-3.722095557790215e-15,0.1760000000000001,-2.475503610816193e-07,0.1760000000000001,-8.961906669057091e-15,0.1760000000000001,-3.098299435278321e-15,0.1760000000000001,-7.996705322690632e-15
0.1840000000000001,-0.1840000000000002,0.1840000000000001,-0.2,0.1840000000000001,-0.2724479982008311,0.1840000000000001,-0.04368295713892036,0.1840000000000001,26.60899719550786,0.1840000000000001,85.93503070666716,0.1840000000000001,9.49455395356841e-08,0.1840000000000001,8.159147855460095e-06,0.1840000000000001,-3.897359510591613e-15,0.1840000000000001,-3.066311667551368e-07,0.1840000000000001,-8.997330839437066e-15,0.1840000000000001,-3.097830686013319e-15,0.1840000000000001,-7.99711598518847e-15
0.1920000000000001,-0.1920000000000002,0.1920000000000001,-0.2,0.1920000000000001,-0.2724479982008311,0.1920000000000001,-0.0444377666964197,0.1920000000000001,26.31593190777842,0.1920000000000001,85.21203476398131,0.1920000000000001,1.170240753893142e-07,0.1920000000000001,9.971859580297015e-06,0.1920000000000001,-4.11893856944815e-15,0.1920000000000001,-3.789286131312557e-07,0.1920000000000001,-9.041718741493271e-15,0.1920000000000001,-3.097239821653856e-15,0.1920000000000001,-7.997632897051942e-15
0.2000000000000001,-0.2000000000000002,0.2000000000000001,-0.2,0.2000000000000001,-0.2724479982008311,0.2000000000000001,-0.04532964447108287,0.2000000000000001,26.01810155774714,0.2000000000000001,84.44615736180731,0.2000000000000001,1.439355826731877e-07,0.2000000000000001,1.215480686438344e-05,0.2000000000000001,-4.397692655611718e-15,0.2000000000000001,-4.671673234179335e-07,0.2000000000000001,-9.097026662905857e-15,0.2000000000000001,-3.096499572113377e-15,0.2000000000000001,-7.998280706153376e-15
0.2080000000000001,-0.2080000000000002,0.2080000000000001,-0.2,0.2080000000000001,-0.2724479982008311,0.2080000000000001,-0.04637604274947277,0.2080000000000001,25.71334947234599,0.2080000000000001,83.62807220308396,0.2080000000000001,1.766639991951773e-07,0.2080000000000001,1.477406968037986e-05,0.2080000000000001,-4.746174787723434e-15,0.2080000000000001,-5.745680739502751e-07,0.2080000000000001,-9.165454117905151e-15,0.2080000000000001,-3.095579493129404e-15,0.2080000000000001,-7.999088094556961e-15
0.2160000000000001,-0.2160000000000002,0.2160000000000001,-0.2,0.2160000000000001,-0.2724479982008311,0.2160000000000001,-0.04759475131943471,0.2160000000000001,25.39840886614939,0.2160000000000001,82.74548464008242,0.2160000000000001,2.163701206244454e-07,0.2160000000000001,1.790365049270283e-05,0.2160000000000001,-5.1783542790956e-15,0.2160000000000001,-7.04912287529617e-07,0.2160000000000001,-9.249364392712958e-15,0.2160000000000001,-3.094447557702273e-15,0.2160000000000001,-8.000087454956004e-15
0.2240000000000001,-0.2240000000000002,0.2240000000000001,-0.2,0.2240000000000001,-0.2724479982008311,0.2240000000000001,-0.04900345584051118,0.2240000000000001,25.06904230551988,0.2240000000000001,81.78328595333809,0.2240000000000001,2.644136669399125e-07,0.2240000000000001,2.162461853331757e-05,0.2240000000000001,-5.708944182922702e-15,0.2240000000000001,-8.626024987517554e-07,0.2240000000000001,-9.351131975827905e-15,0.2240000000000001,-3.093073217450543e-15,0.2240000000000001,-8.001313913090172e-15
0.2320000000000002,-0.2320000000000002,0.2320000000000002,-0.2,0.2320000000000002,-0.2724479982008311,0.2320000000000002,-0.05061924308900771,0.2320000000000002,24.72033498168376,0.2320000000000002,80.72403895570791,0.2320000000000002,3.223749807410713e-07,0.2320000000000002,2.602341050368783e-05,0.2320000000000002,-6.352187345023245e-15,0.2320000000000002,-1.05271269680191e-06,0.2320000000000002,-9.472898329473536e-15,0.2320000000000002,-3.091432411336403e-15,0.2320000000000002,-8.002803462280714e-15
0.2400000000000002,-0.2400000000000002,0.2400000000000002,-0.2,0.2400000000000002,-0.2724479982008311,0.2400000000000002,-0.05245807770364434,0.2400000000000002,24.34712011312834,0.2400000000000002,79.54877440577503,0.2400000000000002,3.92076181028327e-07,0.2400000000000002,3.11891796745002e-05,0.2400000000000002,-7.120012457857755e-15,0.2400000000000002,-1.281021308897993e-06,0.2400000000000002,-9.616231999989001e-15,0.2400000000000002,-3.089514759964803e-15,0.2400000000000002,-8.004590066603833e-15
0.2480000000000002,-0.2480000000000002,0.2480000000000002,-0.2,0.2480000000000002,-0.2724479982008311,0.2480000000000002,-0.05453428040538431,0.2480000000000002,23.94448665740447,0.2480000000000002,78.23802448510996,0.2480000000000002,4.756023713601671e-07,0.2480000000000002,3.721018997565311e-05,0.2480000000000002,-8.019627792782719e-15,0.2480000000000002,-1.554019115496498e-06,0.2480000000000002,-9.781719242263152e-15,0.2480000000000002,-3.087332581280362e-15,0.2480000000000002,-8.006701824377699e-15
0.2560000000000002,-0.2560000000000002,0.2560000000000002,-0.2,0.2560000000000002,-0.2724479982008311,0.2560000000000002,-0.05686004037645172,0.2560000000000002,23.50829948600822,0.2560000000000002,76.7729809549069,0.2560000000000002,5.753246550226507e-07,0.2560000000000002,4.416938878294235e-05,0.2560000000000002,-9.050884259670851e-15,0.2560000000000002,-1.878884893818999e-06,0.2560000000000002,-9.968555185484363e-15,0.2560000000000002,-3.08493038061159e-15,0.2560000000000002,-8.009156670740121e-15
0.2640000000000002,-0.2640000000000002,0.2640000000000002,-0.2,0.2640000000000002,-0.2724479982008311,0.2640000000000002,-0.05944499394945514,0.2640000000000002,23.03565646909376,0.2640000000000002,75.1366521675825,0.2640000000000002,6.939281821976679e-07,0.2640000000000002,5.213944045506899e-05,0.2640000000000002,-1.020404390242378e-14,0.2640000000000002,-2.263423251067338e-06,0.2640000000000002,-1.01742486322743e-14,0.2640000000000002,-3.08239237139507e-15,0.2640000000000002,-8.011958539730157e-15
0.2720000000000002,-0.2720000000000002,0.2720000000000002,-0.2,0.2720000000000002,-0.2724479982008311,0.2720000000000002,-0.06229589783172383,0.2720000000000002,22.52521758428152,0.2720000000000002,73.31490727408212,0.2720000000000002,8.344501169452859e-07,0.2720000000000002,6.117763294869061e-05,0.2720000000000002,-1.145877142031898e-14,0.2720000000000002,-2.715961908933743e-06,0.2720000000000002,-1.039456851798608e-14,0.2720000000000002,-3.079844991091929e-15,0.2720000000000002,-8.015095177613612e-15
0.2800000000000002,-0.2800000000000002,0.2800000000000002,-0.2,0.2800000000000002,-0.2724479982008311,0.2800000000000002,-0.06541641814554178,0.2800000000000002,21.97736521627762,0.2800000000000002,71.29733142649785,0.2800000000000002,1.000334094614332e-06,0.2800000000000002,7.13211514809437e-05,0.2800000000000002,-1.278502950972059e-14,0.2800000000000002,-3.245209367898471e-06,0.2800000000000002,-1.062381988630454e-14,0.2800000000000002,-3.077452007034618e-15,0.2800000000000002,-8.018538636896572e-15
0.2880000000000002,-0.2880000000000003,0.2880000000000002,-0.2,0.2880000000000002,-0.2724479982008311,0.2880000000000002,-0.06880704743871184,0.2880000000000002,21.39418541730838,0.2880000000000002,69.0778605478917,0.2880000000000002,1.195509272533827e-06,0.2880000000000002,8.258322281180314e-05,0.2880000000000002,-1.414603255875707e-14,0.2880000000000002,-3.860077923117405e-06,0.2880000000000002,-1.085543982966942e-14,0.2880000000000002,-3.075401886733257e-15,0.2880000000000002,-8.022248786100279e-15
0.2960000000000002,-0.2960000000000003,0.2960000000000002,-0.2,0.2960000000000002,-0.2724479982008311,0.2960000000000002,-0.07246515166571235,0.2960000000000002,20.77928903331158,0.2960000000000002,66.65520544979557,0.2960000000000002,1.424503332154991e-06,0.2960000000000002,9.495056226870934e-05,0.2960000000000002,-1.550268155408461e-14,0.2960000000000002,-4.569480799708973e-06,0.2960000000000002,-1.108278730754504e-14,0.2960000000000002,-3.073889896475447e-15,0.2960000000000002,-8.026179177531763e-15
0.3040000000000002,-0.3040000000000003,0.3040000000000002,-0.2,0.3040000000000002,-0.2724479982008311,0.3040000000000002,-0.07638513921781072,0.3040000000000002,20.13751284859534,0.3040000000000002,64.03310302535944,0.3040000000000002,1.692599715368061e-06,0.3040000000000002,0.0001083824119548571,0.3040000000000002,-1.681834453065467e-14,0.3040000000000002,-5.382115098837014e-06,0.3040000000000002,-1.129992671826364e-14,0.3040000000000002,-3.073099440024705e-15,0.3040000000000002,-8.03028381351961e-15
0.3120000000000002,-0.3120000000000003,0.3120000000000002,-0.2,0.3120000000000002,-0.2724479982008311,0.3120000000000002,-0.08055873554043048,0.3120000000000002,19.47455114768667,0.3120000000000002,61.2204423596883,0.3120000000000002,2.006049987456317e-06,0.3120000000000002,0.0001228112676277229,0.3120000000000002,-1.806277350108415e-14,0.3120000000000002,-6.306243810034311e-06,0.3120000000000002,-1.150221529868692e-14,0.3120000000000002,-3.073187297378526e-15,0.3120000000000002,-8.034523159145016e-15
0.3200000000000002,-0.3200000000000003,0.3200000000000002,-0.2,0.3200000000000002,-0.2724479982008311,0.3200000000000002,-0.08497534057712836,0.3200000000000002,18.79656769017477,0.3200000000000002,58.2313062039461,0.3200000000000002,2.372352558926113e-06,0.3200000000000002,0.0001381451882825415,0.3200000000000002,-1.921437034475768e-14,0.3200000000000002,-7.349490106925469e-06,0.3200000000000002,-1.168658897420976e-14,0.3200000000000002,-3.074275686490662e-15,0.3200000000000002,-8.038868212452906e-15
0.3280000000000002,-0.3280000000000003,0.3280000000000002,-0.2,0.3280000000000002,-0.2724479982008311,0.3280000000000002,-0.08962244268528183,0.3280000000000002,18.10982982930918,0.3280000000000002,55.08494715556598,0.3280000000000002,2.800609065184483e-06,0.3280000000000002,0.0001542714023590863,0.3280000000000002,-2.026065399196271e-14,0.3280000000000002,-8.518655548598482e-06,0.3280000000000002,-1.185154919055593e-14,0.3280000000000002,-3.076451546850677e-15,0.3280000000000002,-8.043302239040213e-15
0.3360000000000002,-0.3360000000000003,0.3360000000000002,-0.2,0.3360000000000002,-0.2724479982008311,0.3360000000000002,-0.09448606182662234,0.3360000000000002,17.42039411559749,0.3360000000000002,51.8056888256979,0.3360000000000002,3.301969342383747e-06,0.3360000000000002,0.0001710607962635267,0.3360000000000002,-2.119730683266139e-14,0.3360000000000002,-9.819570965439782e-06,0.3360000000000002,-1.199693232537483e-14,0.3360000000000002,-3.079771416642193e-15,0.3360000000000002,-8.047820488570531e-15
0.3440000000000003,-0.3440000000000003,0.3440000000000003,-0.2,0.3440000000000003,-0.2724479982008311,0.3440000000000003,-0.09955119643399142,0.3440000000000003,16.7338596395348,0.3440000000000003,48.42271197965478,0.3440000000000003,3.890174727296612e-06,0.3440000000000003,0.0001883728103704159,0.3440000000000003,-2.20264136011342e-14,0.3440000000000003,-1.125698520417044e-05,0.3440000000000003,-1.212357103411558e-14,0.3440000000000003,-3.084269404605921e-15,0.3440000000000003,-8.052428588824939e-15
0.3520000000000003,-0.3520000000000003,0.3520000000000003,-0.2,0.3520000000000003,-0.2724479982008311,0.3520000000000003,-0.1048022518310997,0.3520000000000003,16.05519399072726,0.3520000000000003,44.96966135057033,0.3520000000000003,4.58220654311664e-06,0.3520000000000003,0.0002060602764823229,0.3520000000000003,-2.275447190388904e-14,0.3520000000000003,-1.283449309935501e-05,0.3520000000000003,-1.223294222455845e-14,0.3520000000000003,-3.089965939659446e-15,0.3520000000000003,-8.057140349969928e-15
0.3600000000000003,-0.3600000000000003,0.3600000000000003,-0.2,0.3600000000000003,-0.2724479982008311,0.3600000000000003,-0.1102234327490954,0.3600000000000003,15.38862827411092,0.3600000000000003,41.48399792988433,0.3600000000000003,5.39904083084618e-06,0.3600000000000003,0.0002239737986501839,0.3600000000000003,-2.339057489319914e-14,0.3600000000000003,-1.455450054813782e-05,0.3600000000000003,-1.232686202478786e-14,0.3600000000000003,-3.096875716857328e-15,0.3600000000000003,-8.061975540751684e-15
0.3680000000000003,-0.3680000000000003,0.3680000000000003,-0.2,0.3680000000000003,-0.2724479982008311,0.3680000000000003,-0.115799087656376,0.3680000000000003,14.7376123811364,0.3680000000000003,38.00603063067874,0.3680000000000003,6.366499863929754e-06,0.3680000000000003,0.0002419653888387263,0.3680000000000003,-2.394496566869797e-14,0.3680000000000003,-1.641822179750544e-05,0.3680000000000003,-1.240725379947217e-14,0.3680000000000003,-3.10501406712744e-15,0.3680000000000003,-8.066957967085127e-15
0.3760000000000003,-0.3760000000000003,0.3760000000000003,-0.2,0.3760000000000003,-0.2724479982008311,0.3760000000000003,-0.1215139977031384,0.3760000000000003,14.10481928395146,0.3760000000000003,34.57759432693216,0.3760000000000003,7.51617357047782e-06,0.3760000000000003,0.0002598912006107913,0.3760000000000003,-2.442800888492397e-14,0.3760000000000003,-1.84257022638292e-05,0.3760000000000003,-1.247599084415544e-14,0.3760000000000003,-3.114401592619751e-15,0.3760000000000003,-8.072113986077023e-15
0.3840000000000003,-0.3840000000000003,0.3840000000000003,-0.2,0.3840000000000003,-0.2724479982008311,0.3840000000000003,-0.1273536076345158,0.3840000000000003,13.49218681536731,0.3840000000000003,31.24039740533526,0.3840000000000003,8.886357513916327e-06,0.3840000000000003,0.0002776133402206331,0.3840000000000003,-2.484953524529143e-14,0.3840000000000003,-2.057585949705606e-05,0.3840000000000003,-1.253480233459342e-14,0.3840000000000003,-3.125067264468713e-15,0.3840000000000003,-8.077471458649784e-15
0.3920000000000003,-0.3920000000000003,0.3920000000000003,-0.2,0.3920000000000003,-0.2724479982008311,0.3920000000000003,-0.1333041997681248,0.3920000000000003,12.90098645618603,0.3920000000000003,28.03413303230169,0.3920000000000003,1.05229172342254e-05,0.3920000000000003,0.0002950008616321752,0.3920000000000003,-2.521847769063718e-14,0.3920000000000003,-2.286653525561231e-05,0.3920000000000003,-1.258522670699959e-14,0.3920000000000003,-3.13705032287325e-15,0.3920000000000003,-8.083059077240024e-15
0.4000000000000003,-0.4000000000000004,0.4000000000000003,-0.2,0.4000000000000003,-0.2724479982008311,0.4000000000000003,-0.1393530149422346,0.4000000000000003,12.33191037526888,0.4000000000000003,24.99451890080757,0.4000000000000003,1.247994255475094e-05,0.4000000000000003,0.0003119301600657151,0.4000000000000003,-2.554271441289566e-14,0.4000000000000003,-2.529455295844839e-05,0.4000000000000003,-1.262859730124564e-14,0.4000000000000003,-3.1504013300783e-15,0.4000000000000003,-8.088905982579084e-15
0.4080000000000003,-0.4080000000000004,0.4080000000000003,-0.2,0.4080000000000003,-0.2724479982008311,0.4080000000000003,-0.1454883262243511,0.4080000000000003,11.78516977617651,0.4080000000000003,22.15148040666089,0.4080000000000003,1.482000540369406e-05,0.4080000000000003,0.0003282850593265374,0.4080000000000003,-2.582904627333817e-14,0.4080000000000003,-2.785577684171388e-05,0.4080000000000003,-1.266604796119704e-14,0.4080000000000003,-3.165182673356872e-15,0.4080000000000003,-8.095041586084989e-15
0.4160000000000003,-0.4160000000000004,0.4160000000000003,-0.2,0.4160000000000003,-0.2724479982008311,0.4160000000000003,-0.1516994722213043,0.4160000000000003,11.26059905514276,0.4160000000000003,19.52770375020071,0.4160000000000003,1.761379300550702e-05,0.4160000000000003,0.0003439569317288986,0.4160000000000003,-2.608325364231565e-14,0.4160000000000003,-3.054517171287999e-05,0.4160000000000003,-1.269852961000534e-14,0.4160000000000003,-3.181468741889732e-15,0.4160000000000003,-8.101495527889916e-15
0.4240000000000003,-0.4240000000000004,0.4240000000000003,-0.2,0.4240000000000003,-0.2724479982008311,0.4240000000000003,-0.1579768571955631,0.4240000000000003,10.75776108386556,0.4240000000000003,17.13774896217452,0.4240000000000003,2.093887500064046e-05,0.4240000000000003,0.000358845183311328,0.4240000000000003,-2.631019426101731e-14,0.4240000000000003,-3.335686491958247e-05,0.4240000000000003,-1.272683175777329e-14,0.4240000000000003,-3.199345931819385e-15,0.4240000000000003,-8.108297716656448e-15
0.4320000000000003,-0.4320000000000004,0.4320000000000003,-0.2,0.4320000000000003,-0.2724479982008311,0.4320000000000003,-0.1643119250330697,0.4320000000000003,10.2760490120174,0.4320000000000003,14.98783284401042,0.4320000000000003,2.487740364271093e-05,0.4320000000000003,0.0003728583673899272,0.4320000000000003,-2.651391714003361e-14,0.4320000000000003,-3.628421458034968e-05,0.4320000000000003,-1.275160517173041e-14,0.4320000000000003,-3.218912576935115e-15,0.4320000000000003,-8.115478412007164e-15
0.4400000000000003,-0.4400000000000004,0.4400000000000003,-0.2,0.4400000000000003,-0.2724479982008311,0.4400000000000003,-0.1706971135855274,0.4400000000000003,9.814779511967934,0.4400000000000003,13.07628666994946,0.4400000000000003,2.951266347139981e-05,0.4400000000000003,0.0003859160479457696,0.4400000000000003,-2.669777736542175e-14,0.4400000000000003,-3.931988971076533e-05,0.4400000000000003,-1.277338354983194e-14,0.4400000000000003,-3.240278859949081e-15,0.4400000000000003,-8.123068322111983e-15
0.4480000000000003,-0.4480000000000004,0.4480000000000003,-0.2,0.4480000000000003,-0.2724479982008311,0.4480000000000003,-0.1771257951661328,0.4480000000000003,9.37327182360751,0.4480000000000003,11.39458956166979,0.4480000000000003,3.492458653685659e-05,0.4480000000000003,0.0003979513291984995,0.4480000000000003,-2.686454344289256e-14,0.4480000000000003,-4.245596806405374e-05,0.4480000000000003,-1.279260310645176e-14,0.4480000000000003,-3.263566729264438e-15,0.4480000000000003,-8.131098697606561e-15
0.4560000000000003,-0.4560000000000004,0.4560000000000003,-0.2,0.4560000000000003,-0.2724479982008311,0.4560000000000003,-0.1835922081268364,0.4560000000000003,8.95090697365047,0.4560000000000003,9.928800819484865,0.4560000000000003,4.118460446509501e-05,0.4560000000000003,0.0004089137345631954,0.4560000000000003,-2.701649318865304e-14,0.4560000000000003,-4.568405590262664e-05,0.4560000000000003,-1.280961964506163e-14,0.4560000000000003,-3.288909825622671e-15,0.4560000000000003,-8.139601408989393e-15
0.4640000000000004,-0.4640000000000004,0.4640000000000004,-0.2,0.4640000000000004,-0.2724479982008311,0.4640000000000004,-0.1900913835738187,0.4640000000000004,8.54716278761982,0.4640000000000004,8.661178759609847,0.4640000000000004,4.835045347916996e-05,0.4640000000000004,0.0004187719206912909,0.4640000000000004,-2.715549685578036e-14,0.4640000000000004,-4.899543054194715e-05,0.4640000000000004,-1.282472308205015e-14,0.4640000000000004,-3.316453409282069e-15,0.4640000000000004,-8.148608998564772e-15
0.4720000000000004,-0.4720000000000004,0.4720000000000004,-0.2,0.4720000000000004,-0.2724479982008311,0.4720000000000004,-0.1966190704463045,0.4720000000000004,8.161623047269623,0.4720000000000004,7.571781952747761,0.4720000000000004,5.64616926000615e-05,0.4720000000000004,0.0004275156250507375,0.4720000000000004,-2.72830877211274e-14,0.4720000000000004,-5.238120194659051e-05,0.4720000000000004,-1.28381495941395e-14,0.4720000000000004,-3.346354269196415e-15,0.4720000000000004,-8.158154700432005e-15
0.4800000000000004,-0.4800000000000004,0.4800000000000004,-0.2,0.4800000000000004,-0.2724479982008311,0.4800000000000004,-0.203171661429471,0.4800000000000004,7.793962965511629,0.4800000000000004,6.639891484687498,0.4800000000000004,6.553666149407828e-05,0.4800000000000004,0.0004351563205893774,0.4800000000000004,-2.740052115773236e-14,0.4800000000000004,-5.58324850291409e-05,0.4800000000000004,-1.285009165757868e-14,0.4800000000000004,-3.37878058941367e-15,0.4800000000000004,-8.168272423439569e-15
0.4880000000000004,-0.4880000000000004,0.4880000000000004,-0.2,0.4880000000000004,-0.2724479982008311,0.4880000000000004,-0.2097461215149194,0.4880000000000004,7.443917002915153,0.4880000000000004,5.845153630162684,0.4880000000000004,7.557137295201974e-05,0.4880000000000004,0.0004417262849468762,0.4880000000000004,-2.750882356485716e-14,0.4880000000000004,-5.934057093518216e-05,0.4880000000000004,-1.286070627650958e-14,0.4880000000000004,-3.413911743511188e-15,0.4880000000000004,-8.178996692791116e-15
0.4960000000000004,-0.4960000000000004,0.4960000000000004,-0.2,0.4960000000000004,-0.2724479982008311,0.4960000000000004,-0.2163399204688872,0.4960000000000004,7.111237660892709,0.4960000000000004,5.168404364171983,0.4960000000000004,8.654046486057944e-05,0.4960000000000004,0.0004472761162628909,0.4960000000000004,-2.760883261023596e-14,0.4960000000000004,-6.289708452901732e-05,0.4960000000000004,-1.287012169034475e-14,0.4960000000000004,-3.451937984660682e-15,0.4960000000000004,-8.190362546382409e-15
0.5040000000000003,-0.5040000000000003,0.5040000000000003,-0.2,0.5040000000000003,-0.2724479982008311,0.5040000000000003,-0.2229509700165013,0.5040000000000003,6.795654385224455,0.5040000000000003,4.592187896466221,0.5040000000000003,9.839994504820705e-05,0.5040000000000003,0.0004518710366633177,0.5040000000000003,-2.770123017712962e-14,0.5040000000000003,-6.649411683531234e-05,0.5040000000000003,-1.287844282408986e-14,0.5040000000000003,-3.493059996522266e-15,0.5040000000000003,-8.202405382168935e-15
0.5120000000000003,-0.5120000000000003,0.5120000000000003,-0.2,0.5120000000000003,-0.2724479982008311,0.5120000000000003,-0.2295775661922318,0.5120000000000003,6.496840061165031,0.5120000000000003,4.101014682583683,0.5120000000000003,0.0001110911708347465,0.5120000000000003,0.0004555865226987075,0.5120000000000003,-2.778656927648131e-14,0.5120000000000003,-7.012432481171494e-05,0.5120000000000003,-1.288575571224058e-14,0.5120000000000003,-3.537488268485816e-15,0.5120000000000003,-8.215160753068098e-15
0.5200000000000004,-0.5200000000000004,0.5200000000000004,-0.2,0.5200000000000004,-0.2724479982008311,0.5200000000000004,-0.2362183370313145,0.5200000000000004,6.214389536140017,0.5200000000000004,3.681419804099878,0.5200000000000004,0.0001245453847488555,0.5200000000000004,0.0004585038459236755,0.5200000000000004,-2.786529602569534e-14,0.5200000000000004,-7.378099542318869e-05,0.5200000000000004,-1.289213109235697e-14,0.5200000000000004,-3.58544225786506e-15,0.5200000000000004,-8.228664106209276e-15
0.5280000000000004,-0.5280000000000004,0.5280000000000004,-0.2,0.5280000000000004,-0.2724479982008311,0.5280000000000004,-0.2428721955718292,0.5280000000000004,5.947811281454905,0.5280000000000004,3.321883818199476,0.5280000000000004,0.00013868817805936,0.5280000000000004,0.0004607060144709558,0.5280000000000004,-2.793776763489948e-14,0.5280000000000004,-7.745807536086393e-05,0.5280000000000004,-1.289762733189155e-14,0.5280000000000004,-3.637149301686632e-15,0.5280000000000004,-8.242950463857286e-15
0.5360000000000004,-0.5360000000000004,0.5360000000000004,-0.2,0.5360000000000004,-0.2724479982008311,0.5360000000000004,-0.2495382979908026,0.5360000000000004,5.696530643742988,0.5360000000000004,3.012670338347037,0.5360000000000004,0.0001534434186489325,0.5360000000000004,0.0004622744359782053,0.5360000000000004,-2.800426719166115e-14,0.5360000000000004,-8.115017102315257e-05,0.5360000000000004,-1.290229282277851e-14,0.5360000000000004,-3.692843241976504e-15,0.5360000000000004,-8.258054044131496e-15
0.5440000000000004,-0.5440000000000004,0.5440000000000004,-0.2,0.5440000000000004,-0.2724479982008311,0.5440000000000004,-0.2562160065981832,0.5440000000000004,5.459901604424307,0.5440000000000004,2.745622637835733,0.5440000000000004,0.0001687363849880356,0.5440000000000004,0.0004632864384497161,0.5440000000000004,-2.80650159015411e-14,0.5440000000000004,-8.485252519467805e-05,0.5440000000000004,-1.290616795313024e-14,0.5440000000000004,-3.752762731263161e-15,0.5440000000000004,-8.274007820789808e-15
0.5520000000000004,-0.5520000000000004,0.5520000000000004,-0.2,0.5520000000000004,-0.2724479982008311,0.5520000000000004,-0.2629048573504077,0.5520000000000004,5.237223541472322,0.5520000000000004,2.513949096340161,0.5520000000000004,0.0001844960329289795,0.5520000000000004,0.0004638136352601528,0.5520000000000004,-2.812018332600487e-14,0.5520000000000004,-8.856097731698436e-05,0.5520000000000004,-1.290928674403751e-14,0.5520000000000004,-3.817149189753148e-15,0.5520000000000004,-8.290843022893985e-15
0.5600000000000004,-0.5600000000000004,0.5600000000000004,-0.2,0.5600000000000004,-0.2724479982008311,0.5600000000000004,-0.2696045315113986,0.5600000000000004,5.027759857267807,0.5600000000000004,2.312016451290289,0.5600000000000004,0.0002006564544305488,0.5600000000000004,0.0004639210237010092,0.5600000000000004,-2.816989606027588e-14,0.5600000000000004,-9.22719137093516e-05,0.5600000000000004,-1.291167822157475e-14,0.5600000000000004,-3.886244392644548e-15,0.5600000000000004,-8.30858857714994e-15
0.5680000000000004,-0.5680000000000004,0.5680000000000004,-0.2,0.5680000000000004,-0.2724479982008311,0.5680000000000004,-0.2763148310763713,0.5680000000000004,4.830756108707964,0.5680000000000004,2.135161427033045,0.5680000000000004,0.0002171576612049163,0.5680000000000004,0.0004636666617894475,0.5680000000000004,-2.821424520982468e-14,0.5680000000000004,-9.598221300259391e-05,0.5680000000000004,-1.291336757921288e-14,0.5680000000000004,-3.96028767563165e-15,0.5680000000000004,-8.327270498126888e-15
0.5760000000000004,-0.5760000000000004,0.5760000000000004,-0.2,0.5760000000000004,-0.2724479982008311,0.5760000000000004,-0.2830356575767008,0.5760000000000004,4.645456131813868,0.5760000000000004,1.979525426756616,0.5760000000000004,0.0002339458519933081,0.5760000000000004,0.0004631017625049934,0.5760000000000004,-2.825329295307511e-14,0.5760000000000004,-9.968919076291158e-05,0.5760000000000004,-1.291437717347684e-14,0.5760000000000004,-4.039512759021835e-15,0.5760000000000004,-8.346911234372065e-15
0.5840000000000004,-0.5840000000000004,0.5840000000000004,-0.2,0.5840000000000004,-0.2724479982008311,0.5840000000000004,-0.2897669938976656,0.5840000000000004,4.471115398417768,0.5840000000000004,1.841913196272686,0.5840000000000004,0.0002509733159304755,0.5840000000000004,0.0004622710625246568,0.5840000000000004,-2.828707841729414e-14,0.5840000000000004,-0.0001033905460566677,0.5840000000000004,-1.291472738543022e-14,0.5840000000000004,-4.124144206078262e-15,0.5840000000000004,-8.367528981581335e-15
0.5920000000000004,-0.5920000000000004,0.5920000000000004,-0.2,0.5920000000000004,-0.2724479982008311,0.5920000000000004,-0.2965088887616202,0.5920000000000004,4.307011396398878,0.5920000000000004,1.719674182350018,0.5920000000000004,0.0002681981014101089,0.5920000000000004,0.0004612133507502561,0.5920000000000004,-2.83156230424688e-14,0.5920000000000004,-0.0001070843116728241,0.5920000000000004,-1.291443737206982e-14,0.5920000000000004,-4.214393549047945e-15,0.5920000000000004,-8.389136977340591e-15
0.6000000000000004,-0.6000000000000004,0.6000000000000004,-0.2,0.6000000000000004,-0.2724479982008311,0.6000000000000004,-0.3032614435540692,0.6000000000000004,4.152451182842227,0.6000000000000004,1.610604216621049,0.6000000000000004,0.0002855835511188902,0.6000000000000004,0.0004599620716296974,0.6000000000000004,-2.833893556255848e-14,0.6000000000000004,-0.0001107688089219123,0.6000000000000004,-1.291352572468373e-14,0.6000000000000004,-4.310455136391743e-15,0.6000000000000004,-8.411742795347665e-15
0.6080000000000004,-0.6080000000000004,0.6080000000000004,-0.2,0.6080000000000004,-0.2724479982008311,0.6080000000000004,-0.3100248011971981,0.6080000000000004,4.006776455302643,0.6080000000000004,1.512864760783885,0.6080000000000004,0.0003030977761766849,0.6080000000000004,0.0004585459446496679,0.6080000000000004,-2.835701669354822e-14,0.6080000000000004,-0.0001144426073590748,0.6080000000000004,-1.291201104545672e-14,0.6080000000000004,-4.412501776247112e-15,0.6080000000000004,-8.435347660237751e-15
0.6160000000000004,-0.6160000000000004,0.6160000000000004,-0.2,0.6160000000000004,-0.2724479982008311,0.6160000000000004,-0.3167991368033529,0.6160000000000004,3.869366565483919,0.6160000000000004,1.424916960564811,0.6160000000000004,0.0003207131188395115,0.6160000000000004,0.0004569895625100577,0.6160000000000004,-2.836986358235095e-14,0.6160000000000004,-0.0001181044893980001,0.6160000000000004,-1.290991244894686e-14,0.6160000000000004,-4.520680273043066e-15,0.6160000000000004,-8.459945806902836e-15
0.6240000000000004,-0.6240000000000004,0.6240000000000004,-0.2,0.6240000000000004,-0.2724479982008311,0.6240000000000004,-0.3235846498682102,0.6240000000000004,3.739639904186744,0.6240000000000004,1.345467980383726,0.6240000000000004,0.000338405634957492,0.6240000000000004,0.000455313946216729,0.6240000000000004,-2.837747403936372e-14,0.6240000000000004,-0.0001217534195490557,0.6240000000000004,-1.2907249991413e-14,0.6240000000000004,-4.635106975053756e-15,0.6240000000000004,-8.485523910223628e-15
0.6320000000000005,-0.6320000000000005,0.6320000000000005,-0.2,0.6320000000000005,-0.2724479982008311,0.6320000000000005,-0.3303815577898272,0.6320000000000005,3.617054049146574,0.6320000000000005,1.273427406087884,0.6320000000000005,0.0003561546140550114,0.6320000000000005,0.0004535370463423047,0.6320000000000005,-2.837985055030206e-14,0.6320000000000005,-0.0001253885178877603,0.6320000000000005,-1.290404502828735e-14,0.6320000000000005,-4.755863468876343e-15,0.6320000000000005,-8.51206061212237e-15
0.6400000000000005,-0.6400000000000005,0.6400000000000005,-0.2,0.6400000000000005,-0.2724479982008311,0.6400000000000005,-0.3371900905243282,0.6400000000000005,3.501105011126899,0.6400000000000005,1.207871838430212,0.6400000000000005,0.0003739421456968069,0.6400000000000005,0.0004516741869893404,0.6400000000000005,-2.837700404005961e-14,0.6400000000000005,-0.0001290090373050716,0.6400000000000005,-1.290032049832652e-14,0.6400000000000005,-4.882992570559472e-15,0.6400000000000005,-8.539526172521117e-15
0.6480000000000005,-0.6480000000000005,0.6480000000000005,-0.2,0.6480000000000005,-0.2724479982008311,0.6480000000000005,-0.344010486211854,0.6480000000000005,3.391325852621193,0.6480000000000005,1.148016117289433,0.6480000000000005,0.0003917527347774751,0.6480000000000005,0.0004497384535167541,0.6480000000000005,-2.836895734322634e-14,0.6480000000000005,-0.0001326143440829332,0.6480000000000005,-1.289610113210957e-14,0.6480000000000005,-5.016494770616681e-15,0.6480000000000005,-8.567882268936806e-15
0.6560000000000005,-0.6560000000000005,0.6560000000000005,-0.2,0.6560000000000005,-0.2724479982008311,0.6560000000000005,-0.3508429876272743,0.6560000000000005,3.287284895771069,0.6560000000000005,1.093189898543296,0.6560000000000005,0.0004095729646581385,0.6560000000000005,0.0004477410276807072,0.6560000000000005,-2.835574832310958e-14,0.6560000000000005,-0.0001362039013584739,0.6560000000000005,-1.289141358254403e-14,0.6560000000000005,-5.156325289867034e-15,0.6560000000000005,-8.597081965939767e-15
0.6640000000000005,-0.6640000000000005,0.6640000000000005,-0.2,0.6640000000000005,-0.2724479982008311,0.6640000000000005,-0.3576878393289447,0.6640000000000005,3.188583685474798,0.6640000000000005,1.042818546461579,0.6640000000000005,0.000427391204966465,0.6640000000000005,0.0004456914751335916,0.6640000000000005,-2.833743257416831e-14,0.6640000000000005,-0.0001397772550753422,0.6640000000000005,-1.288628647582349e-14,0.6640000000000005,-5.302391893804585e-15,0.6640000000000005,-8.627069870551978e-15
0.6720000000000005,-0.6720000000000005,0.6720000000000005,-0.2,0.6720000000000005,-0.2724479982008311,0.6720000000000005,-0.3645452853956793,0.6720000000000005,3.094854831416893,0.6720000000000005,0.9964075053093598,0.6720000000000005,0.0004451973598379844,0.6720000000000005,0.0004435979906864795,0.6720000000000005,-2.831408564204646e-14,0.6720000000000005,-0.0001433340220625087,0.6720000000000005,-1.288075038275258e-14,0.6720000000000005,-5.454553594480595e-15,0.6720000000000005,-8.657782483018702e-15
0.6800000000000005,-0.6800000000000005,0.6800000000000005,-0.2,0.6800000000000005,-0.2724479982008311,0.6800000000000005,-0.371415567657224,0.6800000000000005,3.005759818737437,0.6800000000000005,0.9535294784212718,0.6800000000000005,0.0004629826520194202,0.6800000000000005,0.000441467606698175,0.6800000000000005,-2.828580470093984e-14,0.6800000000000005,-0.0001468738799242119,0.6800000000000005,-1.287483771237325e-14,0.6800000000000005,-5.612620340935298e-15,0.6800000000000005,-8.689148744562289e-15
0.6880000000000005,-0.6880000000000005,0.6880000000000005,-0.2,0.6880000000000005,-0.2724479982008311,0.6880000000000005,-0.3782989243365598,0.6880000000000005,2.920986850413872,0.6880000000000005,0.913813876334699,0.6880000000000005,0.0004807394383088261,0.6880000000000005,0.0004393063696279543,0.6880000000000005,-2.825270963951752e-14,0.6880000000000005,-0.0001503965584664632,0.6880000000000005,-1.286858253220737e-14,0.6880000000000005,-5.776353763145075e-15,0.6880000000000005,-8.721090775172315e-15
0.6960000000000005,-0.6960000000000005,0.6960000000000005,-0.2,0.6960000000000005,-0.2724479982008311,0.6960000000000005,-0.3851955890343038,0.6960000000000005,2.840248764015315,0.6960000000000005,0.8769381027610029,0.6960000000000005,0.0004984610520921645,0.6960000000000005,0.0004371194893219562,0.6960000000000005,-2.821494352327148e-14,0.6960000000000005,-0.0001539018324240287,0.6960000000000005,-1.286202032196256e-14,0.6960000000000005,-5.945468992202085e-15,0.6960000000000005,-8.753524785765628e-15
0.7040000000000005,-0.7040000000000005,0.7040000000000005,-0.2,0.7040000000000005,-0.2724479982008311,0.7040000000000005,-0.3921057899954767,0.7040000000000005,2.763281050159833,0.7040000000000005,0.8426203329291353,0.7040000000000005,0.0005161416691341261,0.7040000000000005,0.0004349114650843969,0.7040000000000005,-2.817267242178744e-14,0.7040000000000005,-0.0001573895152863015,0.7040000000000005,-1.285518767000251e-14,0.7040000000000005,-6.119637533672899e-15,0.7040000000000005,-8.786362140786357e-15
0.7120000000000005,-0.7120000000000005,0.7120000000000005,-0.2,0.7120000000000005,-0.2724479982008311,0.7120000000000005,-0.3990297496079198,0.7120000000000005,2.689839988706166,0.7120000000000005,0.8106135072402983,0.7120000000000005,0.0005337761932197509,0.7120000000000005,0.0004326861920672374,0.7120000000000005,-2.812608461245952e-14,0.7120000000000005,-0.0001608594540508122,0.7120000000000005,-1.284812192403808e-14,0.7120000000000005,-6.298491124925057e-15,0.7120000000000005,-8.819510540130137e-15
0.7200000000000005,-0.7200000000000005,0.7200000000000005,-0.2,0.7200000000000005,-0.2724479982008311,0.7200000000000005,-0.4059676840892906,0.7200000000000005,2.61970091054525,0.7200000000000005,0.7807003176588672,0.7200000000000005,0.0005513601586791584,0.7200000000000005,0.0004304470510252624,0.7200000000000005,-2.807538919583873e-14,0.7200000000000005,-0.0001643115247594232,0.7200000000000005,-1.284086080915547e-14,0.7200000000000005,-6.481626463966349e-15,0.7200000000000005,-8.852875283717876e-15
0.7280000000000005,-0.7280000000000005,0.7280000000000005,-0.2,0.7280000000000005,-0.2724479982008311,0.7280000000000005,-0.4129198033263451,0.7280000000000005,2.552656587082474,0.7280000000000005,0.7526890076522696,0.7280000000000005,0.0005688896472364674,0.7280000000000005,0.0004281969840420664,0.7280000000000005,-2.802081418027454e-14,0.7280000000000005,-0.0001677456286948272,0.7280000000000005,-1.283344202731377e-14,0.7280000000000005,-6.668610660131414e-15,0.7280000000000005,-8.886360578530244e-15
0.7360000000000005,-0.7360000000000005,0.7360000000000005,-0.2,0.7360000000000005,-0.2724479982008311,0.7360000000000005,-0.4198863108358248,0.7360000000000005,2.488515745527824,0.7360000000000005,0.7264098410619135,0.7360000000000005,0.0005863612169941302,0.7360000000000005,0.0004259385584415763,0.7360000000000005,-2.79626041130828e-14,0.7360000000000005,-0.0001711616891342218,0.7360000000000005,-1.282590285272814e-14,0.7360000000000005,-6.858987228382122e-15,0.7360000000000005,-8.919870846685072e-15
0.7440000000000005,-0.7440000000000005,0.7440000000000005,-0.2,0.7440000000000005,-0.2724479982008311,0.7440000000000005,-0.4268674038213618,0.7440000000000005,2.427101705473974,0.7440000000000005,0.701712122865075,0.7440000000000005,0.0006037718416911452,0.7440000000000005,0.0004236740207592495,0.7440000000000005,-2.790101735074464e-14,0.7440000000000005,-0.0001745596485733523,0.7440000000000005,-1.281827973708917e-14,0.7440000000000005,-7.052282430885037e-15,0.7440000000000005,-8.953311994233134e-15
0.7520000000000006,-0.7520000000000006,0.7520000000000006,-0.2,0.7520000000000006,-0.2724479982008311,0.7520000000000006,-0.4338632733049509,0.7520000000000006,2.368251130584791,0.7520000000000006,0.6784616768266909,0.7520000000000006,0.0006211188586583337,0.7520000000000006,0.0004214053423540135,0.7520000000000006,-2.78363230706386e-14,0.7520000000000006,-0.0001779394663479062,0.7520000000000006,-1.281060793740114e-14,0.7520000000000006,-7.248011762763592e-15,0.7520000000000006,-8.986592603601815e-15
0.7600000000000006,-0.7600000000000006,0.7600000000000006,-0.2,0.7600000000000006,-0.2724479982008311,0.7600000000000006,-0.4408741043152194,0.7600000000000006,2.311812888266455,0.7600000000000006,0.656538702690606,0.7600000000000006,0.0006383999241386815,0.7600000000000006,0.0004191342579917912,0.7600000000000006,-2.776879813106488e-14,0.7600000000000006,-0.0001813011165908643,0.7600000000000006,-1.280292117746245e-14,0.7600000000000006,-7.445686383368963e-15,0.7600000000000006,-9.019625017693414e-15
0.7680000000000006,-0.7680000000000006,0.7680000000000006,-0.2,0.7680000000000006,-0.2724479982008311,0.7680000000000006,-0.4479000761177441,0.7680000000000006,2.257647009746011,0.7680000000000006,0.6358359497306588,0.7680000000000006,0.0006556129748494895,0.7680000000000006,0.0004168622985191677,0.7680000000000006,-2.76987238848851e-14,0.7680000000000006,-0.0001846445864741857,0.7680000000000006,-1.279525135181099e-14,0.7680000000000006,-7.644819309023975e-15,0.7680000000000006,-9.052326290079516e-15
0.7760000000000006,-0.7760000000000006,0.7760000000000006,-0.2,0.7760000000000006,-0.2724479982008311,0.7760000000000006,-0.4549413624753665,0.7760000000000006,2.205623742884695,0.7760000000000006,0.6162571548893927,0.7760000000000006,0.0006727561948401221,0.7760000000000006,0.0004145908185663875,0.7760000000000006,-2.762638304549392e-14,0.7760000000000006,-0.0001879698746914179,0.7760000000000006,-1.278762827849415e-14,0.7760000000000006,-7.844931206181075e-15,0.7760000000000006,-9.084618982986765e-15
0.7840000000000006,-0.7840000000000006,0.7840000000000006,-0.2,0.7840000000000006,-0.2724479982008311,0.7840000000000006,-0.4619981319285862,0.7840000000000006,2.155622690193738,0.7840000000000006,0.597715702941469,0.7840000000000006,0.0006898279868484691,0.7840000000000006,0.0004123210200678312,0.7840000000000006,-2.755205669294514e-14,0.7840000000000006,-0.0001912769901447071,0.7840000000000006,-1.278007950447798e-14,0.7840000000000006,-8.045555653011981e-15,0.7840000000000006,-9.116431802291419e-15
0.7920000000000006,-0.7920000000000006,0.7920000000000006,-0.2,0.7920000000000006,-0.2724479982008311,0.7920000000000006,-0.469070548088063,0.7920000000000006,2.107532024815635,0.7920000000000006,0.5801334735753649,0.7920000000000006,0.0007068269474850842,0.7920000000000006,0.000410053972261194,0.7920000000000006,-2.747602149400726e-14,0.7920000000000006,-0.0001945659508054816,0.7920000000000006,-1.277263016505172e-14,0.7920000000000006,-8.246243770111587e-15,0.7920000000000006,-9.147700066021448e-15
0.8,-0.8,0.8,-0.2,0.8,-0.2724479982008311,0.8,-0.4761587699327675,0.8,2.06124777762528,0.8,0.5634398463429484,0.8,0.0007237518456794859,0.8,0.0004077906287200749,0.8,-2.739854719395185e-14,0.8,-0.0001978367827229109,0.8,-1.27653028963534e-14,0.8,-8.446568154786359e-15,0.8,-9.178366009479908e-15
