PM0:id X,PM0:id Y,PM0:gm X,PM0:gm Y,PM0:gds X,PM0:gds Y,PM0:gmoverid X,PM0:gmoverid Y,PM0:self_gain X,PM0:self_gain Y,PM0:cgs X,PM0:cgs Y,PM0:cdb X,PM0:cdb Y,PM0:csb X,PM0:csb Y,PM0:cgd X,PM0:cgd Y,PM0:vdsat X,PM0:vdsat Y,PM0:vth X,PM0:vth Y
0,-7.45763731997003e-10,0,2.282429011502709e-08,0,3.119676893618149e-10,0,30.60525686662579,0,73.16235268376099,0,-1.548172245490633e-15,0,-4.021662982148913e-15,0,-4.438511490074272e-15,0,-1.549995180389484e-15,0,-0.04055707609821622,0,-0.2761044346719756
0.006,-8.959712306691585e-10,0.006,2.738144569609088e-08,0.006,3.745378692652568e-10,0.006,30.56063099204454,0.006,73.10728218165485,0.006,-1.548274440188067e-15,0.006,-4.021663556227985e-15,0.006,-4.438561814639406e-15,0.006,-1.549994182158643e-15,0.006,-0.04056037733005885,0.006,-0.2761044346719756
0.012,-1.076132525422858e-09,0.012,3.283522797511266e-08,0.012,4.495044644127366e-10,0.012,30.51225352133397,0.012,73.04761259270438,0.012,-1.548423102132604e-15,0.012,-4.021664245836581e-15,0.012,-4.438622265935766e-15,0.012,-1.549992977404458e-15,0.012,-0.04056433619821296,0.012,-0.2761044346719756
0.018,-1.292129970694681e-09,0.018,3.935807741190557e-08,0.018,5.392775120600396e-10,0.018,30.45984441727109,0.018,72.98297542865777,0.018,-1.5486276071217e-15,0.018,-4.021665074202067e-15,0.018,-4.438694879622091e-15,0.018,-1.549991523451883e-15,0.018,-0.04056908155003697,0.018,-0.2761044346719756
0.024,-1.550973965814389e-09,0.024,4.71544347014422e-08,0.024,6.467220768264178e-10,0.024,30.40311198142424,0.024,72.91298131159762,0.024,-1.548899258084787e-15,0.024,-4.021666069215402e-15,0.024,-4.438782099927756e-15,0.024,-1.549989768821565e-15,0.024,-0.04057476681070054,0.024,-0.2761044346719756
0.03,-1.861011362818955e-09,0.03,5.646634912312535e-08,0.03,7.752403053099088e-10,0.03,30.34175433413168,0.03,72.83722058356145,0.03,-1.54925167973951e-15,0.03,-4.021667264365423e-15,0.03,-4.438886861437028e-15,0.03,-1.549987651417785e-15,0.03,-0.0405815744671908,0.03,-0.2761044346719756
0.036,-2.232170148508e-09,0.036,6.75799807188355e-08,0.036,9.288672275716011e-10,0.036,30.27546140403105,0.036,72.75526438317164,0.036,-1.549701293768059e-15,0.036,-4.021668699859524e-15,0.036,-4.439012687159669e-15,0.036,-1.549985096345079e-15,0.036,-0.04058972130833721,0.036,-0.2761044346719756
0.042,-2.676246118814163e-09,0.042,8.083311653598866e-08,0.042,1.112382343603494e-09,0.042,30.20391750451873,0.042,72.66666627783283,0.042,-1.550267890812704e-15,0.042,-4.021670423967583e-15,0.042,-4.439163806096036e-15,0.042,-1.549982013278086e-15,0.042,-0.04059946452958022,0.042,-0.2761044346719756
0.04799999999999999,-3.207238018976994e-09,0.04799999999999999,9.662383256851711e-08,0.04799999999999999,1.331439277032885e-09,0.04799999999999999,30.12680457580423,0.04799999999999999,72.5709645458586,0.04799999999999999,-1.550975318832985e-15,0.04799999999999999,-4.021672494633202e-15,0.04799999999999999,-4.439345294121502e-15,0.04799999999999999,-1.549978293294157e-15,0.04799999999999999,-0.04061110882112135,0.04799999999999999,-0.2761044346719756
0.05399999999999999,-3.841738447979361e-09,0.05399999999999999,1.15420444826291e-07,0.05399999999999999,1.592716042997687e-09,0.05399999999999999,30.0438061688013,0.05399999999999999,72.46768520586733,0.05399999999999999,-1.551852311230782e-15,0.05399999999999999,-4.021674981404723e-15,0.05399999999999999,-4.439563242743619e-15,0.05399999999999999,-1.549973805060372e-15,0.05399999999999999,-0.04062501456711474,0.05399999999999999,-0.2761044346719756
0.05999999999999999,-4.599388722920941e-09,0.05999999999999999,1.377729052789932e-07,0.05999999999999999,1.904088764947968e-09,0.05999999999999999,29.9546122394665,0.05999999999999999,72.35634588850591,0.05999999999999999,-1.552933482740473e-15,0.05999999999999999,-4.021677967748619e-15,0.05999999999999999,-4.439824961142918e-15,0.05999999999999999,-1.549968390245309e-15,0.05999999999999999,-0.04064160729064016,0.05999999999999999,-0.2761044346719756
0.06599999999999999,-5.503406872309923e-09,0.06599999999999999,1.643258115325982e-07,0.06599999999999999,2.274831990427737e-09,0.06599999999999999,29.85892480758061,0.06599999999999999,72.23646063712161,0.06599999999999999,-1.554260526519623e-15,0.06599999999999999,-4.021681553819607e-15,0.06599999999999999,-4.440139217913045e-15,0.06599999999999999,-1.549961858000825e-15,0.06599999999999999,-0.04066138848374116,0.06599999999999999,-0.2761044346719756
0.07199999999999999,-6.581198982828028e-09,0.07199999999999999,1.958332135157055e-07,0.07199999999999999,2.71584910567049e-09,0.07199999999999999,29.75646451024404,0.07199999999999999,72.10754570525305,0.07199999999999999,-1.555883652292471e-15,0.07199999999999999,-4.021685859775752e-15,0.07199999999999999,-4.440516530086743e-15,0.07199999999999999,-1.549953978329429e-15,0.07199999999999999,-0.04068494796204209,0.07199999999999999,-0.2761044346719756
0.078,-7.86506527208468e-09,0.078,2.331754169952298e-07,0.078,3.239936743702794e-09,0.078,29.64697804515924,0.078,71.96912638755502,0.078,-1.557863312932922e-15,0.078,-4.021691029743055e-15,0.078,-4.440969508388578e-15,0.078,-1.549944474118182e-15,0.078,-0.04071297787818914,0.078,-0.2761044346719756
0.08400000000000001,-9.393013516320835e-09,0.08400000000000001,2.773780035928975e-07,0.08400000000000001,3.862087535951808e-09,0.08400000000000001,29.53024644957408,0.08400000000000001,71.82074487199264,0.08400000000000001,-1.560272275665974e-15,0.08400000000000001,-4.021697236552789e-15,0.08400000000000001,-4.4415132692079e-15,0.08400000000000001,-1.549933011579673e-15,0.08400000000000001,-0.04074628851533315,0.08400000000000001,-0.2761044346719756
0.09000000000000001,-1.120969385138237e-08,0.09000000000000001,3.296333117241107e-07,0.09000000000000001,4.599836094055881e-09,0.09000000000000001,29.40609409505089,0.09000000000000001,71.66196903191354,0.09000000000000001,-1.563198104245194e-15,0.09000000000000001,-4.021704687396503e-15,0.09000000000000001,-4.442165925543894e-15,0.09000000000000001,-1.549919188794134e-15,0.09000000000000001,-0.04078582595943457,0.09000000000000001,-0.2761044346719756
0.09600000000000002,-1.336747052263134e-08,0.09600000000000002,3.913246544799022e-07,0.09600000000000002,5.473653753970337e-09,0.09600000000000002,29.27439819386451,0.09600000000000002,71.49240198031401,0.09600000000000002,-1.56674613012612e-15,0.09600000000000002,-4.021713630568253e-15,0.09600000000000002,-4.442949171134236e-15,0.09600000000000002,-1.549902521993824e-15,0.09600000000000002,-0.04083269171419317,0.09600000000000002,-0.2761044346719756
0.102,-1.592764793232871e-08,0.102,4.640535910741039e-07,0.102,6.507398401585509e-09,0.102,29.13509850845227,0.102,71.31169208282047,0.102,-1.571043003834684e-15,0.102,-4.021724363491168e-15,0.102,-4.443888974114799e-15,0.102,-1.549882429171502e-15,0.102,-0.04088816427297071,0.102,-0.2761044346719756
0.108,-1.896187038162156e-08,0.108,5.496706200856065e-07,0.108,7.728826665101531e-09,0.108,28.9882068310294,0.108,71.11954296601962,0.108,-1.57624093234507e-15,0.108,-4.021737242255883e-15,0.108,-4.445016398812516e-15,0.108,-1.549858210529932e-15,0.108,-0.04095372259510954,0.108,-0.2761044346719756
0.114,-2.255371729894687e-08,0.114,6.503097265763423e-07,0.114,9.170176941278594e-09,0.114,28.83381565859985,0.114,70.91572286343144,0.114,-1.582522724061425e-15,0.114,-4.021752692930784e-15,0.114,-4.446368576538922e-15,0.114,-1.549829025220648e-15,0.114,-0.04103107134737664,0.114,-0.2761044346719756
0.12,-2.680051856053446e-08,0.12,7.684272907589562e-07,0.12,1.086883314980941e-08,0.12,28.67210533477244,0.12,70.7000724150808,0.12,-1.590107779365345e-15,0.12,-4.021771224937329e-15,0.12,-4.447989848344409e-15,0.12,-1.549793863751194e-15,0.12,-0.04112216766282712,0.12,-0.2761044346719756
0.126,-3.181541780334572e-08,0.126,9.068459496100707e-07,0.126,1.286808079279575e-08,0.126,28.50334877410777,0.126,70.47250978698952,0.126,-1.599259180593098e-15,0.126,-4.021793446815555e-15,0.126,-4.449933104317509e-15,0.126,-1.54975151537682e-15,0.126,-0.04122924903812539,0.126,-0.2761044346719756
0.132,-3.772971543237073e-08,0.132,1.068804086148532e-06,0.132,1.521796880974818e-08,0.132,28.32791274279064,0.132,70.23303172128257,0.132,-1.610292048966184e-15,0.132,-4.021820084731719e-15,0.132,-4.452261344712561e-15,0.132,-1.549700529745184e-15,0.132,-0.04135486183668129,0.132,-0.2761044346719756
0.138,-4.469552728769043e-08,0.138,1.258011688452957e-06,0.138,1.797629278211357e-08,0.138,28.14625456329843,0.138,69.98170889298598,0.138,-1.623583344558747e-15,0.138,-4.021852004096056e-15,0.138,-4.455049487276711e-15,0.138,-1.549639172046816e-15,0.138,-0.04150188969076509,0.138,-0.2761044346719756
0.144,-5.288879949694117e-08,0.144,1.478713347044251e-06,0.144,2.120971709499335e-08,0.144,27.95891306918697,0.144,69.71867377680904,0.144,-1.639583284404883e-15,0.144,-4.021890234655252e-15,0.144,-4.458386441617847e-15,0.144,-1.54956537096434e-15,0.144,-0.04167358090585303,0.144,-0.2761044346719756
0.15,-6.25127245489428e-08,0.15,1.735759109035227e-06,0.15,2.499505544482057e-08,0.15,27.76649269378305,0.15,69.44409916861807,0.15,-1.65882853661165e-15,0.15,-4.021935999388725e-15,0.15,-4.46237746386968e-15,0.15,-1.5494766588463e-15,0.15,-0.04187357377202552,0.15,-0.2761044346719756
0.1560000000000001,-7.380160748575471e-08,0.1560000000000001,2.034683732519972e-06,0.1560000000000001,2.942073020706793e-08,0.1560000000000001,27.56963977148041,0.1560000000000001,69.15816562673783,0.1560000000000001,-1.68195730493312e-15,0.1560000000000001,-4.021990747451879e-15,0.1560000000000001,-4.467146791257892e-15,0.1560000000000001,-1.549370103810597e-15,0.1560000000000001,-0.0421059184914234,0.1560000000000001,-0.2761044346719756
0.1620000000000001,-8.702523340346894e-08,0.1620000000000001,2.381794526293127e-06,0.1620000000000001,3.458843114074344e-08,0.1620000000000001,27.36901049912746,0.1620000000000001,68.86101646534328,0.1620000000000001,-1.709726334387048e-15,0.1620000000000001,-4.022056191247634e-15,0.1620000000000001,-4.472840533716712e-15,0.1620000000000001,-1.54924223398505e-15,0.1620000000000001,-0.04237509425147965,0.1620000000000001,-0.2761044346719756
0.1680000000000001,-1.02493786881506e-07,0.1680000000000001,2.784267352782436e-06,0.1680000000000001,4.061499209591364e-08,0.1680000000000001,27.16523057552447,0.1680000000000001,68.55269960923044,0.1680000000000001,-1.743029724115656e-15,0.1680000000000001,-4.022134347435106e-15,0.1680000000000001,-4.479629764849656e-15,0.1680000000000001,-1.549088954926187e-15,0.1680000000000001,-0.04268601982880865,0.1680000000000001,-0.2761044346719756
0.1740000000000001,-1.20563368838193e-07,0.1740000000000001,3.250249452299227e-06,0.1740000000000001,4.763450014907065e-08,0.1740000000000001,26.95884731846339,0.1740000000000001,68.23309664481994,0.1740000000000001,-1.782919201619552e-15,0.1740000000000001,-4.022227581255928e-15,0.1740000000000001,-4.48771370274157e-15,0.1740000000000001,-1.548905462567365e-15,0.1740000000000001,-0.04304405601821917,0.1740000000000001,-0.2761044346719756
0.1800000000000001,-1.416421446027444e-07,0.1800000000000001,3.788966465186625e-06,0.1800000000000001,5.580064431407639e-08,0.1800000000000001,26.75027602991582,0.1800000000000001,67.90184077194988,0.1800000000000001,-1.830625157481284e-15,0.1800000000000001,-4.022338652918276e-15,0.1800000000000001,-4.497322797068584e-15,0.1800000000000001,-1.548686156021525e-15,0.1800000000000001,-0.04345499816692303,0.1800000000000001,-0.2761044346719756
0.1860000000000001,-1.661971364575917e-07,0.1860000000000001,4.410829368024105e-06,0.1860000000000001,6.528930026021269e-08,0.1860000000000001,26.53974347838691,0.1860000000000001,67.55822700572064,0.1860000000000001,-1.88757721899765e-15,0.1860000000000001,-4.022470763861253e-15,0.1860000000000001,-4.508721436963675e-15,0.1860000000000001,-1.548424557428087e-15,0.1860000000000001,-0.04392505717694801,0.1860000000000001,-0.2761044346719756
0.1920000000000001,-1.947616423414067e-07,0.1920000000000001,5.127535036060629e-06,0.1920000000000001,7.630133330305838e-08,0.1920000000000001,26.32723248180437,0.1920000000000001,67.20111974576862,0.1920000000000001,-1.955422408422562e-15,0.1920000000000001,-4.022627599463285e-15,0.1920000000000001,-4.52220985941303e-15,0.1920000000000001,-1.548113250029329e-15,0.1920000000000001,-0.04446082753693691,0.1920000000000001,-0.2761044346719756
0.1980000000000001,-2.279432180342274e-07,0.1980000000000001,5.952151904634256e-06,0.1980000000000001,8.906558491109184e-08,0.1980000000000001,26.11243254509486,0.1980000000000001,66.82886448874599,0.1980000000000001,-2.036037947164436e-15,0.1980000000000001,-4.022813363110604e-15,0.1980000000000001,-4.538124669058553e-15,0.1980000000000001,-1.54774385098782e-15,0.1980000000000001,-0.04506924127079098,0.1980000000000001,-0.2761044346719756
0.2040000000000001,-2.664321021018236e-07,0.2040000000000001,6.899179923764487e-06,0.2040000000000001,1.038419894845542e-07,0.2040000000000001,25.89470213886181,0.2040000000000001,66.43921171012134,0.2040000000000001,-2.131534519469085e-15,0.2040000000000001,-4.023032794511129e-15,0.2040000000000001,-4.5568371829291e-15,0.2040000000000001,-1.5473070421514e-15,0.2040000000000001,-0.04575750714872782,0.2040000000000001,-0.2761044346719756
0.2100000000000001,-3.110098917430503e-07,0.2100000000000001,7.984571971011305e-06,0.2100000000000001,1.209247505343579e-07,0.2100000000000001,25.67304829647565,0.2100000000000001,66.029261468211,0.2100000000000001,-2.244244350754544e-15,0.2100000000000001,-4.023291162837515e-15,0.2100000000000001,-4.578748607049862e-15,0.2100000000000001,-1.546792689708211e-15,0.2100000000000001,-0.04653303508919781,0.2100000000000001,-0.2761044346719756
0.2160000000000001,-3.625581960295276e-07,0.2160000000000001,9.225702476068669e-06,0.2160000000000001,1.406454918689995e-07,0.2160000000000001,25.44612858704634,0.2160000000000001,65.59543682112259,0.2160000000000001,-2.376686960406297e-15,0.2160000000000001,-4.023594223009192e-15,0.2160000000000001,-4.604280876959398e-15,0.2160000000000001,-1.546190091448605e-15,0.2160000000000001,-0.04740334636751286,0.2160000000000001,-0.2761044346719756
0.2220000000000001,-4.220669057840538e-07,0.2220000000000001,1.064126862889911e-05,0.2220000000000001,1.633762939900594e-07,0.2220000000000001,25.21227910421933,0.2220000000000001,65.13349255888116,0.2220000000000001,-2.531504281286585e-15,0.2220000000000001,-4.023948121753161e-15,0.2220000000000001,-4.633861921955791e-15,0.2220000000000001,-1.545488396098261e-15,0.2220000000000001,-0.0483759710050305,0.2220000000000001,-0.2761044346719756
0.2280000000000001,-4.906416339157457e-07,0.2280000000000001,1.22511105911212e-05,0.2280000000000001,1.895325329669535e-07,0.2280000000000001,24.96956993585262,0.2280000000000001,64.63856309701342,0.2280000000000001,-2.711356618182183e-15,0.2280000000000001,-4.02435923994341e-15,0.2280000000000001,-4.667904249199457e-15,0.2280000000000001,-1.544677239436914e-15,0.2280000000000001,-0.04945833449527368,0.2280000000000001,-0.2761044346719756
0.2340000000000001,-5.695098059924241e-07,0.2340000000000001,1.407593991921194e-05,0.2340000000000001,2.195754627509649e-07,0.2340000000000001,24.7158868407164,0.2340000000000001,64.10524993485453,0.2340000000000001,-2.918772526507975e-15,0.2340000000000001,-4.02483396036838e-15,0.2340000000000001,-4.706776221574959e-15,0.2340000000000001,-1.543747631776139e-15,0.2340000000000001,-0.05065763677438175,0.2340000000000001,-0.2761044346719756
0.2400000000000001,-6.600248291582482e-07,0.2400000000000001,1.613697007887667e-05,0.2400000000000001,2.540145253909033e-07,0.2400000000000001,24.44903489438087,0.2400000000000001,63.52774532890773,0.2400000000000001,-3.155950143269226e-15,0.2400000000000001,-4.025378356895446e-15,0.2400000000000001,-4.750766351560562e-15,0.2400000000000001,-1.542693105282673e-15,0.2400000000000001,-0.05198072700221138,0.2400000000000001,-0.2761044346719756
0.2460000000000001,-7.636677493187708e-07,0.2460000000000001,1.845544938067118e-05,0.2460000000000001,2.934094384385828e-07,0.2460000000000001,24.16685711489215,0.2460000000000001,62.89998535454176,0.2460000000000001,-3.424515579944381e-15,0.2460000000000001,-4.025997812982219e-15,0.2460000000000001,-4.800042413705472e-15,0.2460000000000001,-1.541511083419701e-15,0.2460000000000001,-0.05343397822740464,0.2460000000000001,-0.2761044346719756
0.2520000000000001,-8.820458314765054e-07,0.2520000000000001,2.105210450856098e-05,0.2520000000000001,3.383721942096151e-07,0.2520000000000001,23.86735899390056,0.2520000000000001,62.21582289802338,0.2520000000000001,-3.725255638604351e-15,0.2520000000000001,-4.026696594407447e-15,0.2520000000000001,-4.854609091481028e-15,0.2520000000000001,-1.540204369070733e-15,0.2520000000000001,-0.05502316631278372,0.2520000000000001,-0.2761044346719756
0.2580000000000001,-1.016887572663004e-06,0.2580000000000001,2.394651137078171e-05,0.2580000000000001,3.895692081356272e-07,0.2580000000000001,23.54882881342383,0.2580000000000001,61.4692097596297,0.2580000000000001,-4.057855730897775e-15,0.2580000000000001,-4.027477420617843e-15,0.2580000000000001,-4.914269869918295e-15,0.2580000000000001,-1.53878257214759e-15,0.2580000000000001,-0.05675335755898514,0.2580000000000001,-0.2761044346719756
0.2640000000000001,-1.170033782752056e-06,0.2640000000000001,2.715641837204172e-05,0.2640000000000001,4.47723967403028e-07,0.2640000000000001,23.20994382616797,0.2640000000000001,60.65437713678686,0.2640000000000001,-4.420685889309514e-15,0.2640000000000001,-4.028341096281976e-15,0.2640000000000001,-4.978600339889728e-15,0.2640000000000001,-1.537263232133216e-15,0.2640000000000001,-0.05862880926472766,0.2640000000000001,-0.2761044346719756
0.2700000000000001,-1.343424541380723e-06,0.2700000000000001,3.069705436447211e-05,0.2700000000000001,5.136206487359829e-07,0.2700000000000001,22.84985380218649,0.2700000000000001,59.76600520251156,0.2700000000000001,-4.810683085902042e-15,0.2700000000000001,-4.029286272690521e-15,0.2700000000000001,-5.046940220735925e-15,0.2700000000000001,-1.535672364770663e-15,0.2700000000000001,-0.06065288700593461,0.2700000000000001,-0.2761044346719756
0.2760000000000001,-1.539082048942788e-06,0.2760000000000001,3.458045848783483e-05,0.2760000000000001,5.881092870078418e-07,0.2760000000000001,22.46823586301299,0.2760000000000001,58.79937496612553,0.2760000000000001,-5.223371865811299e-15,0.2760000000000001,-4.030309401125352e-15,0.2760000000000001,-5.118409616232776e-15,0.2760000000000001,-1.534044202006111e-15,0.2760000000000001,-0.06282800172859655,0.2760000000000001,-0.2761044346719756
0.2820000000000001,-1.759089620377714e-06,0.2820000000000001,3.881487105445554e-05,0.2820000000000001,6.721131761793436e-07,0.2820000000000001,22.06531753990799,0.2820000000000001,57.75049862152733,0.2820000000000001,-5.653045560617037e-15,0.2820000000000001,-4.031404914576569e-15,0.2820000000000001,-5.191951220061613e-15,0.2820000000000001,-1.53242001078877e-15,0.2820000000000001,-0.06515556887866578,0.2820000000000001,-0.2761044346719756
0.2880000000000001,-2.005567302602998e-06,0.2880000000000001,4.340422310193513e-05,0.2880000000000001,7.666392642814733e-07,0.2880000000000001,21.64186813672615,0.2880000000000001,56.61622763688656,0.2880000000000001,-6.093100112820238e-15,0.2880000000000001,-4.032565634053973e-15,0.2880000000000001,-5.266395111394294e-15,0.2880000000000001,-1.530846051050236e-15,0.2880000000000001,-0.0676359907989169,0.2880000000000001,-0.2761044346719756
0.2940000000000002,-2.280644808713224e-06,0.2940000000000002,4.834775718512631e-05,0.2940000000000002,8.727923607458218e-07,0.2940000000000002,21.1991613076859,0.2940000000000002,55.39434046353477,0.2940000000000002,-6.53647996531899e-15,0.2940000000000002,-4.033783351600376e-15,0.2940000000000002,-5.340537858786952e-15,0.2940000000000002,-1.52937091889843e-15,0.2940000000000002,-0.0702686625791183,0.2940000000000002,-0.2761044346719756
0.3000000000000002,-2.586432634386365e-06,0.3000000000000002,5.363980381755409e-05,0.3000000000000002,9.917940062494415e-07,0.3000000000000002,20.73891394066601,0.3000000000000002,54.08361361286891,0.3000000000000002,-6.976170967967754e-15,0.3000000000000002,-4.03504950735957e-15,0.3000000000000002,-5.413224482469655e-15,0.3000000000000002,-1.528042658150989e-15,0.3000000000000002,-0.07305200052533382,0.3000000000000002,-0.2761044346719756
0.3060000000000002,-2.924992337892386e-06,0.3060000000000002,5.926972751004016e-05,0.3060000000000002,1.125006863967018e-06,0.3060000000000002,20.2632077843509,0.3060000000000002,52.68388079077335,0.3060000000000002,-7.405666938143628e-15,0.3060000000000002,-4.03635586340092e-15,0.3060000000000002,-5.4834214697421e-15,0.3060000000000002,-1.526906066035424e-15,0.3060000000000002,-0.07598349148519565,0.3060000000000002,-0.2761044346719756
0.3120000000000002,-3.298307014049856e-06,0.3120000000000002,6.522204468040268e-05,0.3120000000000002,1.273965479986892e-06,0.3120000000000002,19.7744007464664,0.3120000000000002,51.19608474875924,0.3120000000000002,-7.819346468493128e-15,0.3120000000000002,-4.037695085832521e-15,0.3120000000000002,-5.550271522694932e-15,0.3120000000000002,-1.526000556358182e-15,0.3120000000000002,-0.07905976048467847,0.3120000000000002,-0.2761044346719756
0.3180000000000002,-3.708252970770554e-06,0.3180000000000002,7.147670403325417e-05,0.3180000000000002,1.440414232957642e-06,0.3180000000000002,19.27503452351965,0.3180000000000002,49.62232557678155,0.3180000000000002,-8.212720222768952e-15,0.3180000000000002,-4.039061174104103e-15,0.3180000000000002,-5.6131250679797e-15,0.3180000000000002,-1.525358803072701e-15,0.3180000000000002,-0.08227665353879571,0.3180000000000002,-0.2761044346719756
0.3240000000000002,-4.15657352801404e-06,0.3240000000000002,7.800950949325904e-05,0.3240000000000002,1.626353250001439e-06,0.3240000000000002,18.76774438555786,0.3240000000000002,47.96590746394735,0.3240000000000002,-8.582537683639932e-15,0.3240000000000002,-4.040449712041075e-15,0.3240000000000002,-5.671548304824422e-15,0.3240000000000002,-1.525006219168023e-15,0.3240000000000002,-0.08562933211623389,0.3240000000000002,-0.2761044346719756
0.3300000000000002,-4.644855713008699e-06,0.3300000000000002,8.479265737766128e-05,0.3300000000000002,1.834093004339082e-06,0.3300000000000002,18.25517575076924,0.3300000000000002,46.23138367414276,0.3300000000000002,-8.926767517793907e-15,0.3300000000000002,-4.041857948307226e-15,0.3300000000000002,-5.725311394368824e-15,0.3300000000000002,-1.52496117977668e-15,0.3300000000000002,-0.08911237556959102,0.3300000000000002,-0.2761044346719756
0.3360000000000002,-5.174510437321971e-06,0.3360000000000002,9.179535386617491e-05,0.3360000000000002,2.066318219822534e-06,0.3360000000000002,17.73991085308394,0.3360000000000002,44.42459684358722,0.3360000000000002,-9.244481972155052e-15,0.3360000000000002,-4.043284737345978e-15,0.3360000000000002,-5.774362580894499e-15,0.3360000000000002,-1.525235805377508e-15,0.3360000000000002,-0.09271988787631376,0.3360000000000002,-0.2761044346719756
0.3420000000000002,-5.746756528465768e-06,0.3420000000000002,9.898447626465581e-05,0.3420000000000002,2.326161569563702e-06,0.3420000000000002,17.2244075026689,0.3420000000000002,42.55270896046204,0.3420000000000002,-9.535681722969258e-15,0.3420000000000002,-4.044730382959508e-15,0.3420000000000002,-5.818794537923852e-15,0.3420000000000002,-1.525837087891025e-15,0.3420000000000002,-0.09644560524422019,0.3420000000000002,-0.2761044346719756
0.3480000000000002,-6.362608769621263e-06,0.3480000000000002,0.0001063252420143727,0.3480000000000002,2.617287440201463e-06,0.3480000000000002,16.71095078520055,0.3480000000000002,40.62421283242334,0.3480000000000002,-9.801095285131766e-15,0.3480000000000002,-4.04619642713259e-15,0.3480000000000002,-5.858808472861088e-15,0.3480000000000002,-1.526768157778678e-15,0.3480000000000002,-0.1002830014848992,0.3480000000000002,-0.2761044346719756
0.3540000000000002,-7.022869892969775e-06,0.3540000000000002,0.0001137818525344735,0.3540000000000002,2.943985698492185e-06,0.3540000000000002,16.20161761057548,0.3540000000000002,38.64891483431761,0.3540000000000002,-1.004197981853801e-14,0.3540000000000002,-4.047685420140748e-15,0.3540000000000002,-5.894680096089361e-15,0.3540000000000002,-1.528029534152954e-15,0.3540000000000002,-0.1042253885079644,0.3540000000000002,-0.2761044346719756
0.3600000000000002,-7.7281262895761e-06,0.3600000000000002,0.0001213180842653303,0.3600000000000002,3.311274889840722e-06,0.3600000000000002,15.69825333072075,0.3600000000000002,36.63787764572029,0.3600000000000002,-1.025994120890582e-14,0.3600000000000002,-4.049200698266372e-15,0.3600000000000002,-5.926729990057445e-15,0.3600000000000002,-1.529620253278679e-15,0.3600000000000002,-0.1082660097987034,0.3600000000000002,-0.2761044346719756
0.3660000000000002,-8.478747052764848e-06,0.3660000000000002,0.0001288978060671684,0.3660000000000002,3.725013557021099e-06,0.3660000000000002,15.20245919181734,0.3660000000000002,34.6033119327083,0.3660000000000002,-1.045678297334568e-14,0.3660000000000002,-4.050746185554561e-15,0.3660000000000002,-5.955299545481509e-15,0.3660000000000002,-1.531538820184237e-15,0.3660000000000002,-0.112398125273139,0.3660000000000002,-0.2761044346719756
0.3720000000000002,-9.274885869534376e-06,0.3720000000000002,0.0001364854097721816,0.3720000000000002,4.192017325989836e-06,0.3720000000000002,14.71558913956284,0.3720000000000002,32.55840784006161,0.3720000000000002,-1.063438704480296e-14,0.3720000000000002,-4.052326227710994e-15,0.3720000000000002,-5.980732620999135e-15,0.3720000000000002,-1.533783966467031e-15,0.3720000000000002,-0.116615086425068,0.3720000000000002,-0.2761044346719756
0.3780000000000002,-1.011648521908627e-05,0.3780000000000002,0.000144046148595151,0.3780000000000002,4.720178005271144e-06,0.3780000000000002,14.23875441676152,0.3780000000000002,30.51710093015369,0.3780000000000002,-1.079462512817453e-14,0.3780000000000002,-4.053945460144591e-15,0.3780000000000002,-6.003362445489319e-15,0.3780000000000002,-1.536355223060631e-15,0.3780000000000002,-0.1209104011633804,0.3780000000000002,-0.2761044346719756
0.3840000000000002,-1.10032823290364e-05,0.3840000000000002,0.0001515463857758575,0.3840000000000002,5.318579149994584e-06,0.3840000000000002,13.77283443651655,0.3840000000000002,28.49377277313092,0.3840000000000002,-1.093929685794995e-14,0.3840000000000002,-4.055608708245596e-15,0.3840000000000002,-6.023502957541241e-15,0.3840000000000002,-1.539253331170433e-15,0.3840000000000002,-0.1252777881662534,0.3840000000000002,-0.2761044346719756
0.3900000000000002,-1.193481637562132e-05,0.3900000000000002,0.0001589537628521931,0.3900000000000002,5.997600363025159e-06,0.3900000000000002,13.31849253894534,0.3900000000000002,26.50289336250767,0.3900000000000002,-1.107008995773539e-14,0.3900000000000002,-4.057320915865333e-15,0.3900000000000002,-6.041443675928428e-15,0.3900000000000002,-1.542480520543524e-15,0.3900000000000002,-0.1297112209401072,0.3900000000000002,-0.2761044346719756
0.3960000000000002,-1.29104364893532e-05,0.3960000000000002,0.0001662373030163851,0.3960000000000002,6.769000135437063e-06,0.3960000000000002,12.87619540622588,0.3960000000000002,24.55862013447152,0.3960000000000002,-1.118855751827343e-14,0.3960000000000002,-4.059087097123745e-15,0.3960000000000002,-6.057447233994734e-15,0.3960000000000002,-1.546040684604236e-15,0.3960000000000002,-0.1342049620604028,0.3960000000000002,-0.2761044346719756
0.4020000000000002,-1.392931023538675e-05,0.4020000000000002,0.0001733674697916959,0.4020000000000002,7.645964475836378e-06,0.4020000000000002,12.44623508717991,0.4020000000000002,22.67437552706279,0.4020000000000002,-1.129610796558051e-14,0.4020000000000002,-4.060912306652408e-15,0.4020000000000002,-6.071748822968399e-15,0.4020000000000002,-1.549939479165969e-15,0.4020000000000002,-0.1387535882891328,0.4020000000000002,-0.2761044346719756
0.4080000000000003,-1.499043236980351e-05,0.4080000000000003,0.0001803162044742564,0.4080000000000003,8.643106303929343e-06,0.4080000000000003,12.02875274216007,0.4080000000000003,20.86243048894132,0.4080000000000003,-1.139400399035518e-14,0.4080000000000003,-4.062801623820956e-15,0.4080000000000003,-6.084556928481677e-15,0.4080000000000003,-1.554184367162445e-15,0.4080000000000003,-0.1433520074138238,0.4080000000000003,-0.2761044346719756
0.4140000000000003,-1.609263381861997e-05,0.4140000000000003,0.0001870569670624839,0.4140000000000003,9.776399119378996e-06,0.4140000000000003,11.62376334234526,0.4140000000000003,19.13352398754828,0.4140000000000003,-1.14833674650851e-14,0.4140000000000003,-4.064760147140913e-15,0.4140000000000003,-6.09605488305725e-15,0.4140000000000003,-1.558784627244714e-15,0.4140000000000003,-0.1479954677431755,0.4140000000000003,-0.2761044346719756
0.4200000000000003,-1.723459097282286e-05,0.4200000000000003,0.0001935648043557118,0.4200000000000003,1.106302848393782e-05,0.4200000000000003,11.23118063324588,0.4200000000000003,17.49654758972594,0.4200000000000003,-1.15651880797649e-14,0.4200000000000003,-4.066792995732606e-15,0.4200000000000003,-6.106402880441275e-15,0.4200000000000003,-1.563751339794986e-15,0.4200000000000003,-0.152679561232903,0.4200000000000003,-0.2761044346719756
0.4260000000000003,-1.841483552510812e-05,0.4260000000000003,0.000199816465181744,0.4260000000000003,1.252114712351546e-05,0.4260000000000003,10.850841698231,0.4260000000000003,15.95831941040584,0.4260000000000003,-1.16403340311061e-14,0.4260000000000003,-4.068905315388209e-15,0.4260000000000003,-6.115740199640869e-15,0.4260000000000003,-1.569097360210032e-15,0.4260000000000003,-0.1574002212124352,0.4260000000000003,-0.2761044346719756
0.4320000000000003,-1.963176517539332e-05,0.4320000000000003,0.0002057905761026352,0.4320000000000003,1.41695246265604e-05,0.4320000000000003,10.48253044309712,0.4320000000000003,14.52346366771446,0.4320000000000003,-1.17095635891856e-14,0.4320000000000003,-4.071102287324338e-15,0.4320000000000003,-6.124187466794639e-15,0.4320000000000003,-1.574837286290896e-15,0.4320000000000003,-0.1621537156472251,0.4320000000000003,-0.2761044346719756
0.4380000000000003,-2.088365558544346e-05,0.4380000000000003,0.0002114678815804034,0.4380000000000003,1.602709111814525e-05,0.4380000000000003,10.12599928759391,0.4380000000000003,13.19440190497125,0.4380000000000003,-1.177353674486641e-14,0.4380000000000003,-4.073389138177628e-15,0.4380000000000003,-6.131848843688107e-15,0.4380000000000003,-1.580987424211387e-15,0.4380000000000003,-0.1669366368123818,0.4380000000000003,-0.2761044346719756
0.4440000000000003,-2.2168673953199e-05,0.4440000000000003,0.0002168315411191468,0.4440000000000003,1.811238566131994e-05,0.4440000000000003,9.780988325104847,0.4440000000000003,11.9714512032616,0.4440000000000003,-1.183282642546619e-14,0.4440000000000003,-4.075771150159565e-15,0.4440000000000003,-6.138814076026202e-15,0.4440000000000003,-1.587565755739326e-15,0.4440000000000003,-0.1717458881779213,0.4440000000000003,-0.2761044346719756
0.4500000000000003,-2.34848944956361e-05,0.4500000000000003,0.0002218674636434327,0.4500000000000003,2.044293340140867e-05,0.4500000000000003,9.447241233500238,0.4500000000000003,10.85301503883706,0.4500000000000003,-1.18879289724058e-14,0.4500000000000003,-4.078253670563892e-15,0.4500000000000003,-6.145160365862506e-15,0.4500000000000003,-1.59459190804866e-15,0.4500000000000003,-0.1765786692215614,0.4500000000000003,-0.2761044346719756
0.4560000000000003,-2.483031597592046e-05,0.4560000000000003,0.0002265646482271637,0.4560000000000003,2.303458869078454e-05,0.4560000000000003,9.124517321769744,0.4560000000000003,9.835845183456893,0.4560000000000003,-1.193927371980822e-14,0.4560000000000003,-4.080842120025041e-15,0.4560000000000003,-6.150954053929783e-15,0.4560000000000003,-1.602087126486696e-15,0.4560000000000003,-0.1814324587965219,0.4560000000000003,-0.2761044346719756
0.4620000000000003,-2.620288119950611e-05,0.4620000000000003,0.0002309154924641684,0.4620000000000003,2.590089205509052e-05,0.4620000000000003,8.812599297998368,0.4620000000000003,8.915349014737298,0.4620000000000003,-1.198723161201488e-14,0.4620000000000003,-4.083541999073904e-15,0.4620000000000003,-6.156252111600492e-15,0.4620000000000003,-1.610074249960786e-15,0.4620000000000003,-0.1863049975936839,0.4620000000000003,-0.2761044346719756
0.4680000000000003,-2.760049816090648e-05,0.4680000000000003,0.0002349160272792031,0.4680000000000003,2.905249425191851e-05,0.4680000000000003,8.511296640727624,0.4680000000000003,8.085915971352104,0.4680000000000003,-1.203212286289742e-14,0.4680000000000003,-4.086358892640235e-15,0.4680000000000003,-6.161103450890651e-15,0.4680000000000003,-1.618577688110488e-15,0.4680000000000003,-0.1911942701527588,0.4680000000000003,-0.2761044346719756
0.4740000000000003,-2.902106228425762e-05,0.4740000000000003,0.0002385660410039761,0.4740000000000003,3.249669886149303e-05,0.4740000000000003,8.220444815816069,0.4740000000000003,7.341239244662631,0.4740000000000003,-1.207422370025197e-14,0.4740000000000003,-4.089298472220524e-15,0.4740000000000003,-6.165550065889887e-15,0.4740000000000003,-1.6276233990778e-15,0.4740000000000003,-0.1960984867980035,0.4740000000000003,-0.2761044346719756
0.4800000000000003,-3.046247900597126e-05,0.4800000000000003,0.0002418690659563707,0.4800000000000003,3.623716524291696e-05,0.4800000000000003,7.939900948608942,0.4800000000000003,6.674613324055398,0.4800000000000003,-1.211377226178057e-14,0.4800000000000003,-4.09236649547489e-15,0.4800000000000003,-6.169628021437448e-15,0.4800000000000003,-1.637238866436471e-15,0.4800000000000003,-0.2010160658017288,0.4800000000000003,-0.2761044346719756
0.4860000000000003,-3.192268583098948e-05,0.4860000000000003,0.0002448322159585782,0.4860000000000003,4.027379744901563e-05,0.4860000000000003,7.669536869639574,0.4860000000000003,6.079193705746821,0.4860000000000003,-1.215097372063421e-14,0.4860000000000003,-4.095568803044052e-15,0.4860000000000003,-6.173368305629316e-15,0.4860000000000003,-1.647453073660591e-15,0.4860000000000003,-0.2059456160144853,0.4860000000000003,-0.2761044346719756
0.4920000000000003,-3.339967297623415e-05,0.4920000000000003,0.0002474658804469872,0.4920000000000003,4.460282457220034e-05,0.4920000000000003,7.409230641964258,0.4920000000000003,5.548210966917677,0.4920000000000003,-1.218600472217108e-14,0.4920000000000003,-4.098911312393274e-15,0.4920000000000003,-6.176797562448603e-15,0.4920000000000003,-1.658296474380482e-15,0.4920000000000003,-0.2108859201440778,0.4920000000000003,-0.2761044346719756
0.4980000000000003,-3.489150179828299e-05,0.4980000000000003,0.0002497832968476024,0.4980000000000003,4.921705765102573e-05,0.4980000000000003,7.158857715319176,0.4980000000000003,5.075136726349928,0.4980000000000003,-1.22190172122992e-14,0.4980000000000003,-4.102400008499117e-15,0.4980000000000003,-6.179938719887278e-15,0.4980000000000003,-1.669800956576034e-15,0.4980000000000003,-0.2158359188168998,0.4980000000000003,-0.2761044346719756
0.5040000000000003,-3.639632037106568e-05,0.5040000000000003,0.0002518000349058863,0.5040000000000003,5.410629127709852e-05,0.5040000000000003,6.918282736794653,0.5040000000000003,4.653803263216181,0.5040000000000003,-1.2250141733498e-14,0.5040000000000003,-4.106040931200469e-15,0.5040000000000003,-6.182811527662957e-15,0.5040000000000003,-1.681999798785163e-15,0.5040000000000003,-0.2207946955136071,0.5040000000000003,-0.2761044346719756
0.5100000000000003,-3.791237580359914e-05,0.5100000000000003,0.0002535334329589735,0.5100000000000003,5.925780697868044e-05,0.5100000000000003,6.687352812508424,0.5100000000000003,4.278481534934103,0.5100000000000003,-1.227949025870202e-14,0.5100000000000003,-4.109840159040691e-15,0.5100000000000003,-6.18543301722269e-15,0.5100000000000003,-1.694927616353616e-15,0.5100000000000003,-0.2257614624367776,0.5100000000000003,-0.2761044346719756
0.5160000000000003,-3.943802313151999e-05,0.5160000000000003,0.000255002026408596,0.5160000000000003,6.465693136300233e-05,0.5160000000000003,6.465892713696627,0.5160000000000003,3.943924047012723,0.5160000000000003,-1.230715862658387e-14,0.5160000000000003,-4.113803789435361e-15,0.5160000000000003,-6.187817895290078e-15,0.5160000000000003,-1.708620295721148e-15,0.5160000000000003,-0.2307355473397685,0.5160000000000003,-0.2761044346719756
0.5220000000000004,-4.09717308455181e-05,0.5220000000000004,0.0002562250038332153,0.5220000000000004,7.028760437110042e-05,0.5220000000000004,6.253702212371599,0.5220000000000004,3.645379667237105,0.5220000000000004,-1.233322863497669e-14,0.5220000000000004,-4.117937915011932e-15,0.5220000000000004,-6.18997888082809e-15,0.5220000000000004,-1.723114914729697e-15,0.5220000000000004,-0.2357163813233399,0.5220000000000004,-0.2761044346719756
0.5280000000000004,-4.251208330910288e-05,0.5280000000000004,0.0002572217179934452,0.5280000000000004,7.613292020598869e-05,0.5280000000000004,6.050555464979047,0.5280000000000004,3.3785873088474,0.5280000000000004,-1.235776984258934e-14,0.5280000000000004,-4.122248595985795e-15,0.5280000000000004,-6.191926994000419e-15,0.5280000000000004,-1.738449646955442e-15,0.5280000000000004,-0.2407034875886442,0.5280000000000004,-0.2761044346719756
0.5340000000000004,-4.40577804531108e-05,0.5340000000000004,0.0002580112693821455,0.5340000000000004,8.217561340010262e-05,0.5340000000000004,5.85620216744298,0.5340000000000004,3.139754711971804,0.5340000000000004,-1.238084112299832e-14,0.5340000000000004,-4.126741828462895e-15,0.5340000000000004,-6.193671804540033e-15,0.5340000000000004,-1.754663648113886e-15,0.5340000000000004,-0.2456964711212962,0.5340000000000004,-0.2761044346719756
0.5400000000000004,-4.560763521180745e-05,0.5400000000000004,0.0002586121706442637,0.5400000000000004,8.839847303505159e-05,0.5400000000000004,5.670370091396389,0.5400000000000004,2.925527577175675,0.5400000000000004,-1.240249200925439e-14,0.5400000000000004,-4.131423508594089e-15,0.5400000000000004,-6.195221645881697e-15,0.5400000000000004,-1.771796922671765e-15,0.5400000000000004,-0.2506950092711032,0.5400000000000004,-0.2761044346719756
0.5460000000000004,-4.716056919079044e-05,0.5460000000000004,0.0002590420923130111,0.5460000000000004,9.478467773429598e-05,0.5460000000000004,5.492768572515033,0.5460000000000004,2.732953242075347,0.5460000000000004,-1.24227638623547e-14,0.5460000000000004,-4.136299392551478e-15,0.5460000000000004,-6.196583800483641e-15,0.5460000000000004,-1.789890168928864e-15,0.5460000000000004,-0.2556988431845705,0.5460000000000004,-0.2761044346719756
0.5520000000000004,-4.871560704093092e-05,0.5520000000000004,0.0002593176844646594,0.5520000000000004,0.0001013180517676226,0.5520000000000004,5.323092540894772,0.5520000000000004,2.559442073160031,0.5520000000000004,-1.244169089229851e-14,0.5520000000000004,-4.141375052353337e-15,0.5520000000000004,-6.197764660945227e-15,0.5520000000000004,-1.808984601014143e-15,0.5520000000000004,-0.2607077700424664,0.5520000000000004,-0.2761044346719756
0.5580000000000004,-5.027186996797798e-05,0.5580000000000004,0.0002594544651740478,0.5580000000000004,0.0001079832480790716,0.5580000000000004,5.16102673999182,0.5580000000000004,2.402728847201003,0.5580000000000004,-1.245930105643365e-14,0.5580000000000004,-4.146655827632356e-15,0.5580000000000004,-6.198769870812622e-15,0.5580000000000004,-1.829121746481533e-15,0.5580000000000004,-0.2657216360517624,0.5580000000000004,-0.2761044346719756
0.5640000000000004,-5.1828568746329e-05,0.5640000000000004,0.000259466764810966,0.5640000000000004,0.0001147658673661801,0.5640000000000004,5.006249855769362,0.5640000000000004,2.260835654063354,0.5640000000000004,-1.247561685626552e-14,0.5640000000000004,-4.152146773522095e-15,0.5640000000000004,-6.199604448342227e-15,0.5640000000000004,-1.850343218497867e-15,0.5640000000000004,-0.2707403301398829,0.5640000000000004,-0.2761044346719756
0.5700000000000004,-5.33849965379256e-05,0.5700000000000004,0.0002593677148379888,0.5700000000000004,0.0001216525238515366,0.5700000000000004,4.858438356436031,0.5700000000000004,2.132037269974919,0.5700000000000004,-1.24906560507881e-14,0.5700000000000004,-4.157852604928437e-15,0.5700000000000004,-6.200272895951006e-15,0.5700000000000004,-1.872690461994535e-15,0.5700000000000004,-0.2757637782991376,0.5700000000000004,-0.2761044346719756
0.5760000000000004,-5.494052175065935e-05,0.5760000000000004,0.0002591692703984438,0.5760000000000004,0.0001286308685573046,0.5760000000000004,4.717269915541075,0.5760000000000004,2.014829514137851,0.5760000000000004,-1.250443230165348e-14,0.5760000000000004,-4.16377763755599e-15,0.5760000000000004,-6.200779297613632e-15,0.5760000000000004,-1.896204473609459e-15,0.5760000000000004,-0.2807919385300032,0.5760000000000004,-0.2761044346719756
0.5820000000000004,-5.649458110985557e-05,0.5820000000000004,0.0002588822572095698,0.5820000000000004,0.0001356895801737,0.5820000000000004,4.582426351763443,0.5820000000000004,1.907900790010313,0.5820000000000004,-1.251695576306994e-14,0.5820000000000004,-4.169925726172131e-15,0.5820000000000004,-6.201127406058865e-15,0.5820000000000004,-1.920925495778324e-15,0.5820000000000004,-0.2858247963334382,0.5820000000000004,-0.2761044346719756
0.5880000000000004,-5.804667306391439e-05,0.5880000000000004,0.0002585164347766288,0.5880000000000004,0.0001428183323887642,0.5880000000000004,4.453596065566884,0.5880000000000004,1.81010680108576,0.5880000000000004,-1.252823362716161e-14,0.5880000000000004,-4.176300200711931e-15,0.5880000000000004,-6.201320721263869e-15,0.5880000000000004,-1.946892685942304e-15,0.5880000000000004,-0.2908623607045817,0.5880000000000004,-0.2761044346719756
0.5940000000000004,-5.959635160193573e-05,0.5940000000000004,0.0002580805694894599,0.5940000000000004,0.0001500077451113285,0.5940000000000004,4.330475986404895,0.5940000000000004,1.720448296172474,0.5940000000000004,-1.253827063359276e-14,0.5940000000000004,-4.182903800952616e-15,0.5940000000000004,-6.201362561437824e-15,0.5940000000000004,-1.974143762518661e-15,0.5940000000000004,-0.2959046605825529,0.5940000000000004,-0.2761044346719756
0.6,-6.114322052693026e-05,0.6,0.0002575825126089547,0.6,0.0001572493255716874,0.6,4.212773066076354,0.6,1.638051620714438,0.6,-1.254706955052072e-14,0.6,-4.189738610613049e-15,0.6,-6.201256127419648e-15,0.6,-2.002714630020996e-15,0.6,-0.3009517417136873,0.6,-0.2761044346719756
