NM0:vgs X,NM0:vgs Y,NM0:vds X,NM0:vds Y,NM0:vth X,NM0:vth Y,NM0:vdsat X,NM0:vdsat Y,NM0:gmoverid X,NM0:gmoverid Y,NM0:self_gain X,NM0:self_gain Y,NM0:gds X,NM0:gds Y,NM0:gm X,NM0:gm Y,NM0:cgs X,NM0:cgs Y,NM0:id X,NM0:id Y,NM0:cgd X,NM0:cgd Y,NM0:cdb X,NM0:cdb Y,NM0:csb X,NM0:csb Y
0,0,0,0.2,0,0.2567686427463655,0,0.04321169090976629,0,32.84284458969195,0,88.23896027327352,0,1.951270092407902e-09,0,1.721780441664076e-07,0,-2.903121678113943e-15,0,5.242482908378955e-09,0,-2.900014498381744e-15,0,-5.325809735256246e-15,0,-6.203266124524126e-15
0.008,0.008,0.008,0.2,0.008,0.2567686427463655,0.008,0.04321809884013223,0.008,32.75450553420389,0.008,88.00251732091458,0.008,2.536706213969615e-09,0.008,2.232365325329327e-07,0.008,-2.90571839748018e-15,0.008,6.815445268679004e-09,0.008,-2.900018951561129e-15,0.008,-5.325816091236312e-15,0.008,-6.203823230588628e-15
0.016,0.016,0.016,0.2,0.016,0.2567686427463655,0.016,0.04322639964878153,0.016,32.65545039541394,0.016,87.73754181116844,0.016,3.295311115750423e-09,0.016,2.891224967989608e-07,0.016,-2.909330312499579e-15,0.016,8.853728872646417e-09,0.016,-2.90002477166209e-15,0.016,-5.325824363850355e-15,0.016,-6.204548290382686e-15
0.024,0.024,0.024,0.2,0.024,0.2567686427463655,0.024,0.04323713908915018,0.024,32.54458467088086,0.024,87.44116496220219,0.024,4.277171324046207e-09,0.024,3.740008433175252e-07,0.024,-2.914268286970432e-15,0.024,1.149195340150862e-08,0.024,-2.900032377999589e-15,0.024,-5.325835130256522e-15,0.024,-6.205491851559649e-15
0.032,0.032,0.032,0.2,0.032,0.2567686427463655,0.032,0.04325101405490901,0.032,32.42077148923585,0.032,87.1104228778249,0.032,5.546351186586125e-09,0.032,4.831449972924433e-07,0.032,-2.920938929455691e-15,0.032,1.49023290398004e-08,0.032,-2.90004231838786e-15,0.032,-5.325849141005326e-15,0.032,-6.206719627586987e-15
0.04,0.04,0.04,0.2,0.04,0.2567686427463655,0.04,0.04326891160246443,0.04,32.28285156083544,0.04,86.74231445295605,0.04,7.184573257286545e-09,0.04,6.232065126938482e-07,0.04,-2.929873967921657e-15,0.04,1.930456851537102e-08,0.04,-2.900055308445837e-15,0.04,-5.325867371890939e-15,0.04,-6.208317018964156e-15
0.048,0.048,0.048,0.2,0.048,0.2567686427463655,0.048,0.04329195677976906,0.048,32.1296702132815,0.048,86.33387904384725,0.048,9.295776935743867e-09,0.048,8.02540481589096e-07,0.048,-2.941768575100108e-15,0.048,2.497817386116058e-08,0.048,-2.900072282878823e-15,0.048,-5.325891091152927e-15,0.048,-6.210394963133719e-15
0.056,0.056,0.056,0.2,0.056,0.2567686427463655,0.056,0.04332157068942454,0.056,31.96011241214879,0.056,85.88229632532453,0.056,1.20117303052186e-08,0.056,1.031594981452665e-06,0.056,-2.957531328074942e-15,0.056,3.227757697507547e-08,0.056,-2.900094462354027e-15,0.056,-5.325921946466843e-15,0.056,-6.213097490344647e-15
0.064,0.064,0.064,0.2,0.064,0.2567686427463655,0.064,0.0433595401946068,0.064,31.77314632255875,0.064,85.38500976256644,0.064,1.549889332027541e-08,0.064,1.323373157460692e-06,0.064,-2.978349256844569e-15,0.064,4.165068045345958e-08,0.064,-2.900123440657924e-15,0.064,-5.325962077369968e-15,0.064,-6.216611460437283e-15
0.07200000000000001,0.07200000000000001,0.07200000000000001,0.2,0.07200000000000001,0.2567686427463655,0.07200000000000001,0.04340810051941326,0.07200000000000001,31.56787535064499,0.07200000000000001,84.83987336397875,0.07200000000000001,1.9966753752561e-08,0.07200000000000001,1.693976859857023e-06,0.07200000000000001,-3.005772402550162e-15,0.07200000000000001,5.366141522090964e-08,0.07200000000000001,-2.900161298194357e-15,0.07200000000000001,-5.326014260249245e-15,0.07200000000000001,-6.221179071550373e-15
0.08000000000000002,0.08000000000000002,0.08000000000000002,0.2,0.08000000000000002,0.2567686427463655,0.08000000000000002,0.04347003164003862,0.08000000000000002,31.34359763540677,0.08000000000000002,84.24531862911913,0.08000000000000002,2.567788035064305e-08,0.08000000000000002,2.163241211860321e-06,0.08000000000000002,-3.041823492056986e-15,0.08000000000000002,6.901700449162693e-08,0.08000000000000002,-2.900210749625542e-15,0.08000000000000002,-5.3260820947889e-15,0.08000000000000002,-6.227113863828698e-15
0.08800000000000002,0.08800000000000002,0.08800000000000002,0.2,0.08800000000000002,0.2567686427463655,0.08800000000000002,0.0435487687397942,0.08800000000000002,31.09987057253152,0.08800000000000002,83.60053466654836,0.08800000000000002,3.295996082574167e-08,0.08800000000000002,2.755470347620493e-06,0.08800000000000002,-3.089139745740499e-15,0.08800000000000002,8.860070166744218e-08,0.08800000000000002,-2.900275335652922e-15,0.08800000000000002,-5.326170242810141e-15,0.08800000000000002,-6.234821080913501e-15
0.09600000000000003,0.09600000000000003,0.09600000000000003,0.2,0.09600000000000003,0.2567686427463655,0.09600000000000003,0.04364852603663393,0.09600000000000003,30.83657611282991,0.09600000000000003,82.90564924048626,0.09600000000000003,4.222011677945096e-08,0.09600000000000003,3.50028619260953e-06,0.09600000000000003,-3.151155420895905e-15,0.09600000000000003,1.135108575808275e-07,0.09600000000000003,-2.900359671658162e-15,0.09600000000000003,-5.326284732618984e-15,0.09600000000000003,-6.24482337913045e-15
0.104,0.104,0.104,0.2,0.104,0.2567686427463655,0.104,0.04377443192213521,0.104,30.55398033881093,0.104,82.16189213554486,0.104,5.396181593543462e-08,0.104,4.433604900325305e-06,0.104,-3.232335289848479e-15,0.104,1.451072776087822e-07,0.104,-2.900469769231252e-15,0.104,-5.326433344019743e-15,0.104,-6.257792947098952e-15
0.112,0.112,0.112,0.2,0.112,0.2567686427463655,0.112,0.0439326715379617,0.112,30.25277836656249,0.112,81.37171518918818,0.112,6.880473743410831e-08,0.112,5.598759498155137e-06,0.112,-3.338470460127774e-15,0.112,1.850659611161046e-07,0.112,-2.900613450493245e-15,0.112,-5.326626090429927e-15,0.112,-6.274591037189278e-15
0.1200000000000001,0.1200000000000001,0.1200000000000001,0.2,0.1200000000000001,0.2567686427463655,0.1200000000000001,0.04413063067155337,0.1200000000000001,29.93411332171291,0.1200000000000001,80.53883663374275,0.1200000000000001,8.750799205170766e-08,0.1200000000000001,7.047791875999341e-06,0.1200000000000001,-3.477047910615225e-15,0.1200000000000001,2.354434823864319e-07,0.1200000000000001,-2.900800879423075e-15,0.1200000000000001,-5.326875813840512e-15,0.1200000000000001,-6.296315570473094e-15
0.1280000000000001,0.1280000000000001,0.1280000000000001,0.2,0.1280000000000001,0.2567686427463655,0.1280000000000001,0.04437703226758134,0.1280000000000001,29.5995566118383,0.1280000000000001,79.66817266383043,0.1280000000000001,1.109971577039185e-07,0.1280000000000001,8.842940725150194e-06,0.1280000000000001,-3.657702158024508e-15,0.1280000000000001,2.987524728040816e-07,0.1280000000000001,-2.901045238680706e-15,0.1280000000000001,-5.327198903496239e-15,0.1280000000000001,-6.324356609697768e-15
0.1360000000000001,0.1360000000000001,0.1360000000000001,0.2,0.1360000000000001,0.2567686427463655,0.1360000000000001,0.04468205412134591,0.1360000000000001,29.25103681733265,0.1360000000000001,78.76561870758168,0.1360000000000001,1.403956579454103e-07,0.1360000000000001,1.105835086192825e-05,0.1360000000000001,-3.892748475390386e-15,0.1360000000000001,3.780498769137484e-07,0.1360000000000001,-2.901363583708689e-15,0.1360000000000001,-5.327616136323559e-15,0.1360000000000001,-6.360457694724751e-15
0.1440000000000001,0.1440000000000001,0.1440000000000001,0.2,0.1440000000000001,0.2567686427463655,0.1440000000000001,0.04505741376450863,0.1440000000000001,28.89070725226816,0.1440000000000001,77.83764946712574,0.1440000000000001,1.770610741587911e-07,0.1440000000000001,1.378201782464474e-05,0.1440000000000001,-4.197776751377028e-15,0.1440000000000001,4.770398215137843e-07,0.1440000000000001,-2.901777906292095e-15,0.1440000000000001,-5.32815361022782e-15,0.1440000000000001,-6.406777690616705e-15
0.1520000000000001,0.1520000000000001,0.1520000000000001,0.2,0.1520000000000001,0.2567686427463655,0.1520000000000001,0.04551640461474416,0.1520000000000001,28.52074852876884,0.1520000000000001,76.8907229820293,0.1520000000000001,2.226270135943058e-07,0.1520000000000001,1.711795203059624e-05,0.1520000000000001,-4.592245275829563e-15,0.1520000000000001,6.001929444324326e-07,0.1520000000000001,-2.902316433898129e-15,0.1520000000000001,-5.328843691704796e-15,0.1520000000000001,-6.465942104066363e-15
0.1600000000000001,0.1600000000000001,0.1600000000000001,0.2,0.1600000000000001,0.2567686427463655,0.1600000000000001,0.04607386666988161,0.1600000000000001,28.14311273875057,0.1600000000000001,75.93050115545036,0.1600000000000001,2.790511128534311e-07,0.1600000000000001,2.118849084694716e-05,0.1600000000000001,-5.099944159934309e-15,0.1600000000000001,7.528837001740585e-07,0.1600000000000001,-2.903015173600795e-15,0.1600000000000001,-5.329725816629965e-15,0.1600000000000001,-6.541063987393819e-15
0.1680000000000001,0.1680000000000001,0.1680000000000001,0.2,0.1680000000000001,0.2567686427463655,0.1680000000000001,0.04674607593109798,0.1680000000000001,27.75922959891463,0.1680000000000001,74.96093625469518,0.1680000000000001,3.486695870261501e-07,0.1680000000000001,2.613659868701813e-05,0.1680000000000001,-5.749090756036152e-15,0.1680000000000001,9.415462558144729e-07,0.1680000000000001,-2.903919672653166e-15,0.1680000000000001,-5.33084686134368e-15,0.1680000000000001,-6.635702467793179e-15
0.1760000000000001,0.1760000000000001,0.1760000000000001,0.2,0.1760000000000001,0.2567686427463655,0.1760000000000001,0.04755053979051947,0.1760000000000001,27.36971007351787,0.1760000000000001,73.98331498312362,0.1760000000000001,4.342583910616709e-07,0.1760000000000001,3.212787532998007e-05,0.1760000000000001,-6.571681073681844e-15,0.1760000000000001,1.173847850405775e-06,0.1760000000000001,-2.905086903458386e-15,0.1760000000000001,-5.332260650970216e-15,0.1760000000000001,-6.753713683562981e-15
0.1840000000000001,0.1840000000000001,0.1840000000000001,0.2,0.1840000000000001,0.2567686427463655,0.1840000000000001,0.04850569103867698,0.1840000000000001,26.97409596044432,0.1840000000000001,72.9953897321537,0.1840000000000001,5.391005278464248e-07,0.1840000000000001,3.935185313495956e-05,0.1840000000000001,-7.601596536596449e-15,0.1840000000000001,1.458875700547188e-06,0.1840000000000001,-2.906587084452642e-15,0.1840000000000001,-5.334026043816073e-15,0.1840000000000001,-6.898941067358995e-15
0.1920000000000001,0.1920000000000001,0.1920000000000001,0.2,0.1920000000000001,0.2567686427463655,0.1920000000000001,0.04963048080413526,0.1920000000000001,26.57070995509126,0.1920000000000001,71.99074843671687,0.1920000000000001,6.670583724945595e-07,0.1920000000000001,4.802203148686161e-05,0.1920000000000001,-8.870963802480123e-15,0.1920000000000001,1.807329633792175e-06,0.1920000000000001,-2.908505129638298e-15,0.1920000000000001,-5.336203038627091e-15,0.1920000000000001,-7.07470255512166e-15
0.2000000000000001,0.2000000000000001,0.2000000000000001,0.2,0.2000000000000001,0.2567686427463655,0.2000000000000001,0.05094388006493527,0.2000000000000001,26.15665529452384,0.2000000000000001,70.95856819747335,0.2000000000000001,8.226492443329645e-07,0.2000000000000001,5.837401250660058e-05,0.2000000000000001,-1.040455770902981e-14,0.2000000000000001,2.231707833248919e-06,0.2000000000000001,-2.910941314432682e-15,0.2000000000000001,-5.338846664686959e-15,0.2000000000000001,-7.283078727023978e-15
0.2080000000000001,0.2080000000000001,0.2080000000000001,0.2,0.2080000000000001,0.2567686427463655,0.2080000000000001,0.05246430937824052,0.2080000000000001,25.72799496151367,0.2080000000000001,69.8838567597325,0.2080000000000001,1.011122124760189e-06,0.2080000000000001,7.066111373333741e-05,0.2080000000000001,-1.221276543132752e-14,0.2080000000000001,2.746467956198073e-06,0.2080000000000001,-2.914010723700152e-15,0.2080000000000001,-5.341999164550953e-15,0.2080000000000001,-7.524097659064796e-15
0.2160000000000001,0.2160000000000001,0.2160000000000001,0.2,0.2160000000000001,0.2567686427463655,0.2160000000000001,0.05420902585786164,0.2160000000000001,25.28010940411728,0.2160000000000001,68.74821311073332,0.2160000000000001,1.238533759647517e-06,0.2160000000000001,8.514698285308526e-05,0.2160000000000001,-1.428470167611024e-14,0.2160000000000001,3.368141391223729e-06,0.2160000000000001,-2.917841193048713e-15,0.2160000000000001,-5.345682064068782e-15,0.2160000000000001,-7.795029162690351e-15
0.2240000000000001,0.2240000000000001,0.2240000000000001,0.2,0.2240000000000001,0.2567686427463655,0.2240000000000001,0.05619350378578786,0.2240000000000001,24.80819530723168,0.2240000000000001,67.53104850003437,0.2240000000000001,1.511823781133213e-06,0.2240000000000001,0.0001020950450872123,0.2240000000000001,-1.658396530827308e-14,0.2240000000000001,4.115375738876635e-06,0.2240000000000001,-2.922569806786395e-15,0.2240000000000001,-5.349890641688504e-15,0.2240000000000001,-8.09007808992161e-15
0.2320000000000002,0.2320000000000002,0.2320000000000002,0.2,0.2320000000000002,0.2567686427463655,0.2320000000000002,0.05843084933094517,0.2320000000000002,24.30783590082326,0.2320000000000002,66.21112512986788,0.2320000000000002,1.838891208862484e-06,0.2320000000000002,0.0001217550559302079,0.2320000000000002,-1.904945420076297e-14,0.2320000000000002,5.008880939971124e-06,0.2320000000000002,-2.928338499728665e-15,0.2320000000000002,-5.354593296228439e-15,0.2320000000000002,-8.400718114805445e-15
0.2400000000000002,0.2400000000000002,0.2400000000000002,0.2,0.2400000000000002,0.2567686427463655,0.2400000000000002,0.0609312898377882,0.2400000000000002,23.77555529321253,0.2400000000000002,64.76821524963533,0.2400000000000002,2.228678779338131e-06,0.2400000000000002,0.0001443475469024666,0.2400000000000002,-2.160214303688913e-14,0.2400000000000002,6.071258699431048e-06,0.2400000000000002,-2.935289719981364e-15,0.2400000000000002,-5.359736929903441e-15,0.2400000000000002,-8.716701682063703e-15
0.2480000000000002,0.2480000000000002,0.2480000000000002,0.2,0.2480000000000002,0.2567686427463655,0.2480000000000002,0.06370177380125593,0.2480000000000002,23.20927114043228,0.2480000000000002,63.18467347957363,0.2480000000000002,2.691276712424126e-06,0.2480000000000002,0.0001700474403176988,0.2480000000000002,-2.415632200317534e-14,0.2480000000000002,7.326703165037882e-06,0.2480000000000002,-2.94356321390895e-15,0.2480000000000002,-5.365257196608639e-15,0.2480000000000002,-9.027503338728909e-15
0.2560000000000002,0.2560000000000002,0.2560000000000002,0.2,0.2560000000000002,0.2567686427463655,0.2560000000000002,0.06674570937676919,0.2560000000000002,22.60858101791069,0.2560000000000002,61.44675033738671,0.2560000000000002,3.238063143496677e-06,0.2560000000000002,0.0001989684575551339,0.2560000000000002,-2.663190229339089e-14,0.2560000000000002,8.800572552629709e-06,0.2560000000000002,-2.953294703132275e-15,0.2560000000000002,-5.371090590639146e-15,0.2560000000000002,-9.323768416481239e-15
0.2640000000000002,0.2640000000000002,0.2640000000000002,0.2,0.2640000000000002,0.2567686427463655,0.2640000000000002,0.07006285807962098,0.2640000000000002,21.97485152014898,0.2640000000000002,59.54554132539473,0.2640000000000002,3.881903710899594e-06,0.2640000000000002,0.0002311500578385749,0.2640000000000002,-2.896419592845118e-14,0.2640000000000002,1.051884503663139e-05,0.2640000000000002,-2.964616672690068e-15,0.2640000000000002,-5.377184964414195e-15,0.2640000000000002,-9.598363027461462e-15
0.2720000000000002,0.2720000000000002,0.2720000000000002,0.2,0.2720000000000002,0.2567686427463655,0.2720000000000002,0.07364938761097761,0.2720000000000002,21.31111554659156,0.2720000000000002,57.47754176700768,0.2720000000000002,4.637436867920343e-06,0.2720000000000002,0.0002665484712677528,0.2720000000000002,-3.110903609316562e-14,0.2720000000000002,1.250748562128147e-05,0.2720000000000002,-2.977660947845523e-15,0.2720000000000002,-5.383506207227117e-15,0.2720000000000002,-9.846823387783414e-15
0.2800000000000002,0.2800000000000002,0.2800000000000002,0.2,0.2800000000000002,0.2567686427463655,0.2800000000000002,0.07749807507817802,0.2800000000000002,20.6218132178829,0.2800000000000002,55.24484182754791,0.2800000000000002,5.52147376581261e-06,0.2800000000000002,0.000305032944847273,0.2800000000000002,-3.304313096003786e-14,0.2800000000000002,1.47917615986993e-05,0.2800000000000002,-2.992562420821611e-15,0.2800000000000002,-5.39004058775219e-15,0.2800000000000002,-1.006724347882892e-14
0.2880000000000002,0.2880000000000002,0.2880000000000002,0.2,0.2880000000000002,0.2567686427463655,0.2880000000000002,0.08159864073976059,0.2880000000000002,19.91242972403846,0.2880000000000002,52.85503536824863,0.2880000000000002,6.553541739907853e-06,0.2880000000000002,0.0003463876804501233,0.2880000000000002,-3.476100209106028e-14,0.2880000000000002,1.739555068140988e-05,0.2880000000000002,-3.009463251017574e-15,0.2880000000000002,-5.396793656819755e-15,0.2880000000000002,-1.025979418823083e-14
0.2960000000000002,0.2960000000000002,0.2960000000000002,0.2,0.2960000000000002,0.2567686427463655,0.2960000000000002,0.08593818397546914,0.2960000000000002,19.18908795985429,0.2960000000000002,50.32092704329012,0.2960000000000002,7.756598546810424e-06,0.2960000000000002,0.0003903192295781375,0.2960000000000002,-3.627031055709478e-14,0.2960000000000002,2.034068687365284e-05,0.2960000000000002,-3.028517018014925e-15,0.2960000000000002,-5.403787175718037e-15,0.2960000000000002,-1.042609806076221e-14
0.3040000000000002,0.3040000000000002,0.3040000000000002,0.2,0.3040000000000002,0.2567686427463655,0.3040000000000002,0.09050168817145215,0.3040000000000002,18.45814751524879,0.3040000000000002,47.66010928112543,0.3040000000000002,9.157940696600276e-06,0.3040000000000002,0.0004364684543900351,0.3040000000000002,-3.758705804597154e-14,0.3040000000000002,2.364638455909701e-05,0.3040000000000002,-3.049892528701399e-15,0.3040000000000002,-5.411055411532948e-15,0.3040000000000002,-1.056863040340371e-14
0.3120000000000002,0.3120000000000002,0.3120000000000002,0.2,0.3120000000000002,0.2567686427463655,0.3120000000000002,0.09527255980774151,0.3120000000000002,17.72584875052719,0.3120000000000002,44.89445397595752,0.3120000000000002,1.079032346879804e-05,0.3120000000000002,0.0004844256803556481,0.3120000000000002,-3.873153827840953e-14,0.3120000000000002,2.732877207615561e-05,0.3120000000000002,-3.073777174068103e-15,0.3120000000000002,-5.418641694161695e-15,0.3120000000000002,-1.06902381414505e-14
0.3200000000000002,0.3200000000000002,0.3200000000000002,0.2,0.3200000000000002,0.2567686427463655,0.3200000000000002,0.1002331689325519,0.3200000000000002,16.99802566226454,0.3200000000000002,42.04953320315943,0.3200000000000002,1.269330193224518e-05,0.3200000000000002,0.0005337474210576715,0.3200000000000002,-3.972535936399882e-14,0.3200000000000002,3.140055390352434e-05,0.3200000000000002,-3.100379858407461e-15,0.3200000000000002,-5.426595666804753e-15,0.3200000000000002,-1.079380192430013e-14
0.3280000000000002,0.3280000000000002,0.3280000000000002,0.2,0.3280000000000002,0.2567686427463655,0.3280000000000002,0.1053653627182516,0.3280000000000002,16.27989735195462,0.3280000000000002,39.15395787266829,0.3280000000000002,1.491479011705525e-05,0.3280000000000002,0.0005839730639228705,0.3280000000000002,-4.058950122246533e-14,0.3280000000000002,3.58708074935346e-05,0.3280000000000002,-3.129933584770397e-15,0.3280000000000002,-5.434971328523994e-15,0.3280000000000002,-1.088202769107982e-14
0.3360000000000002,0.3360000000000002,0.3360000000000002,0.2,0.3360000000000002,0.2567686427463655,0.3360000000000002,0.1106509300084835,0.3360000000000002,15.57593703938426,0.3360000000000002,36.2386091622379,0.3360000000000002,1.751281704765749e-05,0.3360000000000002,0.000634640132319837,0.3360000000000002,-4.134320713201421e-14,0.3360000000000002,4.074490868309052e-05,0.3360000000000002,-3.162697794135223e-15,0.3360000000000002,-5.443825783733627e-15,0.3360000000000002,-1.095733787556266e-14
0.3440000000000003,0.3440000000000003,0.3440000000000003,0.2,0.3440000000000003,0.2567686427463655,0.3440000000000003,0.1160720017294781,0.3440000000000003,14.88981033647117,0.3440000000000003,33.33573817860649,0.3440000000000003,2.055743040944298e-05,0.3440000000000003,0.0006852971177541143,0.3440000000000003,-4.200347149667079e-14,0.3440000000000003,4.602456997580652e-05,0.3440000000000003,-3.19896054189408e-15,0.3440000000000003,-5.453218541796228e-15,0.3440000000000003,-1.102183092617591e-14
0.3520000000000003,0.3520000000000003,0.3520000000000003,0.2,0.3520000000000003,0.2567686427463655,0.3520000000000003,0.1216113788954656,0.3520000000000003,14.22437065904282,0.3520000000000003,30.4779249718037,0.3520000000000003,2.413265758962427e-05,0.3520000000000003,0.0007355133273867976,0.3520000000000003,-4.258491387629377e-14,0.3520000000000003,5.170796972464685e-05,0.3520000000000003,-3.239040568869855e-15,0.3520000000000003,-5.463211203346303e-15,0.3520000000000003,-1.107728305059044e-14
0.3600000000000003,0.3600000000000003,0.3600000000000003,0.2,0.3600000000000003,0.2567686427463655,0.3600000000000003,0.1272527860338138,0.3600000000000003,13.58169848582453,0.3600000000000003,27.6969160701047,0.3600000000000003,2.833837681969389e-05,0.3600000000000003,0.0007848856443380622,0.3600000000000003,-4.309987934457687e-14,0.3600000000000003,5.778994763874808e-05,0.3600000000000003,-3.283289293898132e-15,0.3600000000000003,-5.473867392726234e-15,0.3600000000000003,-1.112517311934697e-14
0.3680000000000003,0.3680000000000003,0.3680000000000003,0.2,0.3680000000000003,0.2567686427463655,0.3680000000000003,0.1329810527791243,0.3680000000000003,12.96317181496625,0.3680000000000003,25.02239432200397,0.3680000000000003,3.329187785532876e-05,0.3680000000000003,0.0008330424954160282,0.3680000000000003,-4.355865471660618e-14,0.3680000000000003,6.426224286074245e-05,0.3680000000000003,-3.332092725142357e-15,0.3680000000000003,-5.485252826573449e-15,0.3680000000000003,-1.116671805206998e-14
0.3760000000000003,0.3760000000000003,0.3760000000000003,0.2,0.3760000000000003,0.2567686427463655,0.3760000000000003,0.1387822299637719,0.3760000000000003,12.36955681145522,0.3760000000000003,22.48076778123899,0.3760000000000003,3.912880712449924e-05,0.3760000000000003,0.0008796456265227574,0.3760000000000003,-4.396973018010741e-14,0.3760000000000003,7.111375451308546e-05,0.3760000000000003,-3.385873259029969e-15,0.3760000000000003,-5.497435436767615e-15,0.3760000000000003,-1.120291093249632e-14
0.3840000000000003,0.3840000000000003,0.3840000000000003,0.2,0.3840000000000003,0.2567686427463655,0.3840000000000003,0.144643648786551,0.3840000000000003,11.80110962566789,0.3840000000000003,20.09408651410334,0.3840000000000003,4.600311033795782e-05,0.3840000000000003,0.000924390479048766,0.3840000000000003,-4.434006477416903e-14,0.3840000000000003,7.83308102689587e-05,0.3840000000000003,-3.44509130888878e-15,0.3840000000000003,-5.510485487935724e-15,0.3840000000000003,-1.12345575278981e-14
0.3920000000000003,0.3920000000000003,0.3920000000000003,0.2,0.3920000000000003,0.2567686427463655,0.3920000000000003,0.1505539327284055,0.3920000000000003,11.25768221932854,0.3920000000000003,17.87919990785793,0.3920000000000003,5.408553145919233e-05,0.3920000000000003,0.0009670060290816386,0.3920000000000003,-4.467533350740885e-14,0.3920000000000003,8.589743521307202e-05,0.3920000000000003,-3.510246679440982e-15,0.3920000000000003,-5.52447564520016e-15,0.3920000000000003,-1.126230910518543e-14
0.4000000000000003,0.4000000000000003,0.4000000000000003,0.2,0.4000000000000003,0.2567686427463655,0.4000000000000003,0.1565029720366148,0.4000000000000003,10.73882647673016,0.4000000000000003,15.84724870346866,0.4000000000000003,6.356023724965422e-05,0.4000000000000003,0.001007254887346743,0.4000000000000003,-4.498014606469094e-14,0.4000000000000003,9.379561998992392e-05,0.4000000000000003,-3.581879577741243e-15,0.4000000000000003,-5.539480957904347e-15,0.4000000000000003,-1.128669077628321e-14
0.4080000000000003,0.4080000000000003,0.4080000000000003,0.2,0.4080000000000003,0.2567686427463655,0.4080000000000003,0.1624818700714615,0.4080000000000003,10.24389181722458,0.4080000000000003,14.0035476065679,0.4080000000000003,7.461925277283699e-05,0.4080000000000003,0.001044934258570946,0.4080000000000003,-4.52582342320978e-14,0.4080000000000003,0.0001020055929150097,0.4080000000000003,-3.660571125721913e-15,0.4080000000000003,-5.555578731095941e-15,0.4080000000000003,-1.130812535873179e-14
0.4160000000000003,0.4160000000000003,0.4160000000000003,0.2,0.4160000000000003,0.2567686427463655,0.4160000000000003,0.1684828698434372,0.4160000000000003,9.772112064901078,0.4160000000000003,12.34786351222686,0.4160000000000003,8.745464621797337e-05,0.4160000000000003,0.001079878035009622,0.4160000000000003,-4.551260910693679e-14,0.4160000000000003,0.0001105061042935055,0.4160000000000003,-3.746943214516986e-15,0.4160000000000003,-5.572848259958536e-15,0.4160000000000003,-1.132695312016483e-14
0.4240000000000003,0.4240000000000003,0.4240000000000003,0.2,0.4240000000000003,0.2567686427463655,0.4240000000000003,0.1744992678693153,0.4240000000000003,9.3226777487113,0.4240000000000003,10.87504214903263,0.4240000000000003,0.0001022487888057253,0.4240000000000003,0.001111959887949799,0.4240000000000003,-4.574569108648083e-14,0.4240000000000003,0.0001192747317803158,0.4240000000000003,-3.841657517050507e-15,0.4240000000000003,-5.591370404334049e-15,0.4240000000000003,-1.134344793616111e-14
0.4320000000000003,0.4320000000000003,0.4320000000000003,0.2,0.4320000000000003,0.2567686427463655,0.4320000000000003,0.1805253212008805,0.4320000000000003,8.894790670286142,0.4320000000000003,9.575893545112846,0.4320000000000003,0.0001191634799377021,0.4320000000000003,0.001141096798348626,0.4320000000000003,-4.595941637079011e-14,0.4320000000000003,0.000128288212803313,0.4320000000000003,-3.945413454528965e-15,0.4320000000000003,-5.611226981947949e-15,0.4320000000000003,-1.135783042654539e-14
0.4400000000000003,0.4400000000000003,0.4400000000000003,0.2,0.4400000000000003,0.2567686427463655,0.4400000000000003,0.1865561522433389,0.4400000000000003,8.487698806654222,0.4400000000000003,8.43822234081062,0.4400000000000003,0.0001383291520154254,0.4400000000000003,0.001167252140921952,0.4400000000000003,-4.615532379762509e-14,0.4400000000000003,0.0001375228041797053,0.4400000000000003,-4.058944896713049e-15,0.4400000000000003,-5.632499960763255e-15,0.4400000000000003,-1.137027860536418e-14
0.4480000000000003,0.4480000000000003,0.4480000000000003,0.2,0.4480000000000003,0.2567686427463655,0.4480000000000003,0.192587654853279,0.4480000000000003,8.100711505088322,0.4480000000000003,7.447885738392698,0.4480000000000003,0.000159835604007509,0.4480000000000003,0.001190437315574909,0.4480000000000003,-4.633462557329579e-14,0.4480000000000003,0.0001469546613070897,0.4480000000000003,-4.183015368120141e-15,0.4480000000000003,-5.65527043376083e-15,0.4480000000000003,-1.138093651993305e-14
0.4560000000000003,0.4560000000000003,0.4560000000000003,0.2,0.4560000000000003,0.2567686427463655,0.4560000000000003,0.1986164042267451,0.4560000000000003,7.733197228503156,0.4560000000000003,6.589777579929582,0.4560000000000003,0.000183725635294847,0.4560000000000003,0.001210711072324302,0.4560000000000003,-4.649826506113872e-14,0.4560000000000003,0.0001565602216717751,0.4560000000000003,-4.318411536236441e-15,0.4560000000000003,-5.679617363997025e-15,0.4560000000000003,-1.13899212845183e-14
0.4640000000000004,0.4640000000000004,0.4640000000000004,0.2,0.4640000000000004,0.2567686427463655,0.4640000000000004,0.2046395722709427,0.4640000000000004,7.38456826904177,0.4640000000000004,5.848665518115705,0.4640000000000004,0.0002099925319420771,0.4640000000000004,0.001228176080631437,0.4640000000000004,-4.66469643440574e-14,0.4640000000000004,0.0001663165720576971,0.4640000000000004,-4.465934777489701e-15,0.4640000000000004,-5.705616094556279e-15,0.4640000000000004,-1.139732884489269e-14
0.4720000000000004,0.4720000000000004,0.4720000000000004,0.2,0.4720000000000004,0.2567686427463655,0.4720000000000004,0.2106548494951864,0.4720000000000004,7.054258226633819,0.4720000000000004,5.209841659232067,0.4720000000000004,0.0002385816919098189,0.4720000000000004,0.001242972837641845,0.4720000000000004,-4.67812638428809e-14,0.4720000000000004,0.0001762017773818483,0.4720000000000004,-4.626390656414076e-15,0.4720000000000004,-5.733336627400149e-15,0.4720000000000004,-1.140323874615098e-14
0.4800000000000004,0.4800000000000004,0.4800000000000004,0.2,0.4800000000000004,0.2567686427463655,0.4800000000000004,0.2166603739450108,0.4800000000000004,6.741698225079856,0.4800000000000004,4.659578222002787,0.4800000000000004,0.0002693959551360905,0.4800000000000004,0.001255271525647767,0.4800000000000004,-4.690155587174248e-14,0.4800000000000004,0.0001861951519840371,0.4800000000000004,-4.800576217060719e-15,0.4800000000000004,-5.762841687332454e-15,0.4800000000000004,-1.140771811963093e-14
0.4880000000000004,0.4880000000000004,0.4880000000000004,0.2,0.4880000000000004,0.2567686427463655,0.4880000000000004,0.2226546673194088,0.4880000000000004,6.446296806929788,0.4880000000000004,4.185403745452328,0.4880000000000004,0.0003023036353243634,0.4880000000000004,0.001265262767550445,0.4880000000000004,-4.700811365194775e-14,0.4880000000000004,0.0001962774606021412,0.4880000000000004,-4.989265076197811e-15,0.4880000000000004,-5.794184602303108e-15,0.4880000000000004,-1.141082505578644e-14
0.4960000000000004,0.4960000000000004,0.4960000000000004,0.2,0.4960000000000004,0.2567686427463655,0.4960000000000004,0.2286365781342677,0.4960000000000004,6.167426613233428,0.4960000000000004,3.776230130620303,0.4960000000000004,0.0003371479684577569,0.4960000000000004,0.001273148316967605,0.4960000000000004,-4.710111698497429e-14,0.4960000000000004,0.0002064310443900829,0.4960000000000004,-5.193190426257833e-15,0.4960000000000004,-5.827407048652345e-15,0.4960000000000004,-1.141261148790906e-14
0.5040000000000003,0.5040000000000003,0.5040000000000003,0.2,0.5040000000000003,0.2567686427463655,0.5040000000000003,0.2346052316053521,0.5040000000000003,5.904418916826144,0.5040000000000003,3.422366763577599,0.5040000000000003,0.0003737567203147823,0.5040000000000003,0.001279132577269079,0.5040000000000003,-4.718067549792122e-14,0.5040000000000003,0.0002166398752001099,0.5040000000000003,-5.413026200579679e-15,0.5040000000000003,-5.862536728805709e-15,0.5040000000000003,-1.141312567599412e-14
0.5120000000000003,0.5120000000000003,0.5120000000000003,0.2,0.5120000000000003,0.2567686427463655,0.5120000000000003,0.2405599858029964,0.5120000000000003,5.656565375051674,0.5120000000000003,3.115457176326035,0.5120000000000003,0.0004119509546436335,0.5120000000000003,0.001283415557938869,0.5120000000000003,-4.724685011517485e-14,0.5120000000000003,0.0002268895474276022,0.5120000000000003,-5.649366818798605e-15,0.5120000000000003,-5.899585068031414e-15,0.5120000000000003,-1.141241435018295e-14
0.5200000000000004,0.5200000000000004,0.5200000000000004,0.2,0.5200000000000004,0.2567686427463655,0.5200000000000004,0.2465003935620662,0.5200000000000004,5.423125298239527,0.5200000000000004,2.84836874959391,0.5200000000000004,0.0004515523323308811,0.5200000000000004,0.001286187552217525,0.5200000000000004,-4.72996731741816e-14,0.5200000000000004,0.0002371672202809421,0.5200000000000004,-5.902706106451773e-15,0.5200000000000004,-5.938545034349187e-15,0.5200000000000004,-1.141052454867872e-14
0.5280000000000004,0.5280000000000004,0.5280000000000004,0.2,0.5280000000000004,0.2567686427463655,0.5280000000000004,0.2524261696010991,0.5280000000000004,5.203336327159293,0.5280000000000004,2.61505920486321,0.5280000000000004,0.0004923886760530543,0.5280000000000004,0.001287625539682949,0.5280000000000004,-4.733916738963805e-14,0.5280000000000004,0.0002474615244383144,0.5280000000000004,-6.173416155689849e-15,0.5280000000000004,-5.979389199335099e-15,0.5280000000000004,-1.140750516566734e-14
0.5360000000000004,0.5360000000000004,0.5360000000000004,0.2,0.5360000000000004,0.2567686427463655,0.5360000000000004,0.2583371623029014,0.5360000000000004,4.99642652628121,0.5360000000000004,2.4104367848796,0.5360000000000004,0.0005342978218526605,0.5360000000000004,0.0012878911238747,0.5360000000000004,-4.736536368085772e-14,0.5360000000000004,0.0002577624462406272,0.5360000000000004,-6.461727045227284e-15,0.5360000000000004,-6.022068165018227e-15,0.5360000000000004,-1.140340821060608e-14
0.5440000000000004,0.5440000000000004,0.5440000000000004,0.2,0.5440000000000004,0.2567686427463655,0.5440000000000004,0.264233329626562,0.5440000000000004,4.801626311966915,0.5440000000000004,2.230225075419435,0.5440000000000004,0.0005771299624087635,0.5440000000000004,0.0012871297139399,0.5440000000000004,-4.737831771619223e-14,0.5440000000000004,0.000268061200583872,0.5440000000000004,-6.767708446782225e-15,0.5440000000000004,-6.06650948105554e-15,0.5440000000000004,-1.139828977138796e-14
0.5520000000000004,0.5520000000000004,0.5520000000000004,0.2,0.5520000000000004,0.2567686427463655,0.5520000000000004,0.2701147186510197,0.5520000000000004,4.618179148294294,0.5520000000000004,2.070838778880537,0.5520000000000004,0.0006207487740616384,0.5520000000000004,0.001285470633269393,0.5520000000000004,-4.737812490285572e-14,0.5520000000000004,0.0002783501011963118,0.5520000000000004,-7.091254191813345e-15,0.5520000000000004,-6.112617165149497e-15,0.5520000000000004,-1.139221067041481e-14
0.5600000000000004,0.5600000000000004,0.5600000000000004,0.2,0.5600000000000004,0.2567686427463655,0.5600000000000004,0.2759814482879502,0.5600000000000004,4.44535042355265,0.5600000000000004,1.929273425817778,0.5600000000000004,0.0006650316354086177,0.5600000000000004,0.001283027861521983,0.5600000000000004,-4.736493346768689e-14,0.5600000000000004,0.0002886224345161053,0.5600000000000004,-7.432070839225906e-15,0.5600000000000004,-6.160271917399772e-15,0.5600000000000004,-1.138523680437848e-14
0.5680000000000004,0.5680000000000004,0.5680000000000004,0.2,0.5680000000000004,0.2567686427463655,0.5680000000000004,0.281833694743146,0.5680000000000004,4.282434299715628,0.5680000000000004,1.803009814039854,0.5680000000000004,0.000709869217187613,0.5680000000000004,0.001279901165274055,0.5680000000000004,-4.733895524056747e-14,0.5680000000000004,0.0002988723412195704,0.5680000000000004,-7.78967116151881e-15,0.5680000000000004,-6.209332086373745e-15,0.5680000000000004,-1.137743916508469e-14
0.5760000000000004,0.5760000000000004,0.5760000000000004,0.2,0.5760000000000004,0.2567686427463655,0.5760000000000004,0.2876716793479203,0.5760000000000004,4.128758588035327,0.5760000000000004,1.689932636475072,0.5760000000000004,0.0007551646742921794,0.5760000000000004,0.001276177428999422,0.5760000000000004,-4.730047377076466e-14,0.5760000000000004,0.0003090947077163948,0.5760000000000004,-8.163373252981361e-15,0.5760000000000004,-6.259635403007965e-15,0.5760000000000004,-1.136889354907073e-14
0.5840000000000004,0.5840000000000004,0.5840000000000004,0.2,0.5840000000000004,0.2567686427463655,0.5840000000000004,0.2934956584237129,0.5840000000000004,3.983687858435944,0.5840000000000004,1.588262046666858,0.5840000000000004,0.0008008326170009227,0.5840000000000004,0.001271932051315462,0.5840000000000004,-4.724984947626914e-14,0.5840000000000004,0.0003192850686388169,0.5840000000000004,-8.552305670039268e-15,0.5840000000000004,-6.311001451294702e-15,0.5840000000000004,-1.13596799767645e-14
0.5920000000000004,0.5920000000000004,0.5920000000000004,0.2,0.5920000000000004,0.2567686427463655,0.5920000000000004,0.2993059148826733,0.5920000000000004,3.846625063117515,0.5920000000000004,1.496496605609043,0.5920000000000004,0.0008467979889963861,0.5920000000000004,0.001267230316169656,0.5920000000000004,-4.718752164077669e-14,0.5920000000000004,0.0003294395204567905,0.5920000000000004,-8.955418663306897e-15,0.5920000000000004,-6.363234796450302e-15,0.5920000000000004,-1.134988185588233e-14
0.6000000000000004,0.6000000000000004,0.6000000000000004,0.2,0.6000000000000004,0.2567686427463655,0.6000000000000004,0.3051027513039001,0.6000000000000004,3.717011971670138,0.6000000000000004,1.413365998847141,0.6000000000000004,0.0008929949386134021,0.6000000000000004,0.001262128683378772,0.6000000000000004,-4.711400722051267e-14,0.6000000000000004,0.0003395546457743827,0.6000000000000004,-9.371501185386864e-15,0.6000000000000004,-6.416128646839649e-15,0.6000000000000004,-1.133958493689342e-14
0.6080000000000004,0.6080000000000004,0.6080000000000004,0.2,0.6080000000000004,0.2567686427463655,0.6080000000000004,0.3108864842587488,0.6080000000000004,3.594328698071228,0.6080000000000004,1.337791998923438,0.6080000000000004,0.0009393657379357971,0.6080000000000004,0.00125667596827332,0.6080000000000004,-4.702989658762084e-14,0.6080000000000004,0.0003496274475254491,0.6080000000000004,-9.799202995339083e-15,0.6080000000000004,-6.469468890112899e-15,0.6080000000000004,-1.132887611899918e-14
0.6160000000000004,0.6160000000000004,0.6160000000000004,0.2,0.6160000000000004,0.2567686427463655,0.6160000000000004,0.3166574396891267,0.6160000000000004,3.478092565557706,0.6160000000000004,1.268856303579669,0.6160000000000004,0.0009858597810916887,0.6160000000000004,0.001250914397683862,0.6160000000000004,-4.693584650013428e-14,0.6160000000000004,0.0003596552921195899,0.6160000000000004,-1.023706086729708e-14,0.6160000000000004,-6.523038320657177e-15,0.6160000000000004,-1.131784217182128e-14
0.6240000000000004,0.6240000000000004,0.6240000000000004,0.2,0.6240000000000004,0.2567686427463655,0.6240000000000004,0.3224159491699126,0.6240000000000004,3.367856514506812,0.6240000000000004,1.2057740603803,0.6240000000000004,0.001032432676906572,0.6240000000000004,0.00124488054090294,0.6240000000000004,-4.683257073277233e-14,0.6240000000000004,0.0003696358605366489,0.6240000000000004,-1.068352767848751e-14,0.6240000000000004,-6.576620866924062e-15,0.6240000000000004,-1.130656844001968e-14
0.6320000000000005,0.6320000000000005,0.6320000000000005,0.2,0.6320000000000005,0.2567686427463655,0.6320000000000005,0.3281623469107411,0.6320000000000005,3.263207217786342,0.6320000000000005,1.14787206810671,0.6320000000000005,0.001079045440351699,0.6320000000000005,0.00123860612119762,0.6320000000000005,-4.672082891301557e-14,0.6320000000000005,0.0003795671063876148,0.6320000000000005,-1.113700302205021e-14,0.6320000000000005,-6.630005633949296e-15,0.6320000000000005,-1.129513759516072e-14
0.6400000000000005,0.6400000000000005,0.6400000000000005,0.2,0.6400000000000005,0.2567686427463655,0.6400000000000005,0.3338969673735808,0.6400000000000005,3.163763031122075,0.6400000000000005,1.094570811107825,0.6400000000000005,0.00112566378051855,0.6400000000000005,0.001232118717276891,0.6400000000000005,-4.660141417307377e-14,0.6400000000000005,0.000389447220021596,0.6400000000000005,-1.159586397051494e-14,0.6400000000000005,-6.682990597047613e-15,0.6400000000000005,-1.128362849175192e-14
0.6480000000000005,0.6480000000000005,0.6480000000000005,0.2,0.6480000000000005,0.2567686427463655,0.6480000000000005,0.3396201434009897,0.6480000000000005,3.069171874423586,0.6480000000000005,1.045369628988212,0.6480000000000005,0.001172257478968452,0.6480000000000005,0.001225442365867907,0.6480000000000005,-4.647514024646607e-14,0.6480000000000005,0.0003992745978420424,0.6480000000000005,-1.205849470094695e-14,0.6480000000000005,-6.735385814292104e-15,0.6480000000000005,-1.127211517340779e-14
0.6560000000000005,0.6560000000000005,0.6560000000000005,0.2,0.6560000000000005,0.2567686427463655,0.6560000000000005,0.3453322047660403,0.6560000000000005,2.979109114030036,0.6560000000000005,0.9998344491451699,0.6560000000000005,0.00121879985033572,0.6560000000000005,0.001218598076978631,0.6560000000000005,-4.634282861002785e-14,0.6560000000000005,0.0004090478160871427,0.6560000000000005,-1.252331386535404e-14,0.6560000000000005,-6.787016064007963e-15,0.6560000000000005,-1.126066606191057e-14
0.6640000000000005,0.6640000000000005,0.6640000000000005,0.2,0.6640000000000005,0.2567686427463655,0.6640000000000005,0.3510334770686694,0.6640000000000005,2.893275495137834,0.6640000000000005,0.9575876146589796,0.6640000000000005,0.001265267276333274,0.6640000000000005,0.001211604273050044,0.6640000000000005,-4.620529620536084e-14,0.6640000000000005,0.0004187656084209026,0.6640000000000005,-1.298879882465864e-14,0.6640000000000005,-6.837722854800119e-15,0.6640000000000005,-1.124934334790389e-14
0.6720000000000005,0.6720000000000005,0.6720000000000005,0.2,0.6720000000000005,0.2567686427463655,0.6720000000000005,0.3567242809152285,0.6720000000000005,2.811395157591915,0.6720000000000005,0.9182994269398425,0.6720000000000005,0.001311638804348756,0.6720000000000005,0.001204477162385523,0.6720000000000005,-4.606334417864167e-14,0.6720000000000005,0.0004284268467680767,0.6720000000000005,-1.345350613250982e-14,0.6720000000000005,-6.887365795541657e-15,0.6720000000000005,-1.123820258844396e-14
0.6800000000000005,0.6800000000000005,0.6800000000000005,0.2,0.6800000000000005,0.2567686427463655,0.6800000000000005,0.3624049313281541,0.6800000000000005,2.733213756006617,0.6800000000000005,0.8816810937853727,0.6800000000000005,0.001357895802303182,0.6800000000000005,0.001197231056221236,0.6800000000000005,-4.591774796639534e-14,0.6800000000000005,0.0004380305249052544,0.6800000000000005,-1.391608792831673e-14,0.6800000000000005,-6.935823347983916e-15,0.6800000000000005,-1.122729250471775e-14
0.6880000000000005,0.6880000000000005,0.6880000000000005,0.2,0.6880000000000005,0.2567686427463655,0.6880000000000005,0.3680757373413974,0.6880000000000005,2.65849669609531,0.6880000000000005,0.8474788315484942,0.6880000000000005,0.001404021662158949,0.6880000000000005,0.001189878637715241,0.6880000000000005,-4.576924893915283e-14,0.6880000000000005,0.0004475757443909834,0.6880000000000005,-1.437530415319666e-14,0.6880000000000005,-6.982993012969245e-15,0.6880000000000005,-1.121665496365884e-14
0.6960000000000005,0.6960000000000005,0.6960000000000005,0.2,0.6960000000000005,0.2567686427463655,0.6960000000000005,0.3737370017447123,0.6960000000000005,2.587027492473552,0.6960000000000005,0.8154689172065298,0.6960000000000005,0.001450001545272918,0.6960000000000005,0.001182431190071501,0.6960000000000005,-4.561854770496175e-14,0.6960000000000005,0.0004570617024798243,0.6960000000000005,-1.483003072046386e-14,0.6960000000000005,-7.02879102151742e-15,0.6960000000000005,-1.120632512031565e-14
0.7040000000000005,0.7040000000000005,0.7040000000000005,0.2,0.7040000000000005,0.2567686427463655,0.7040000000000005,0.3793890209461344,0.7040000000000005,2.518606248502366,0.7040000000000005,0.785453524228903,0.7040000000000005,0.0014958221636086,0.7040000000000005,0.001174898790026078,0.7040000000000005,-4.546629907807543e-14,0.7040000000000005,0.0004664876817189117,0.7040000000000005,-1.52792639433781e-14,0.7040000000000005,-7.073151614223625e-15,0.7040000000000005,-1.119633169367843e-14
0.7120000000000005,0.7120000000000005,0.7120000000000005,0.2,0.7120000000000005,0.2567686427463655,0.7120000000000005,0.3850320849273117,0.7120000000000005,2.453048255499064,0.7120000000000005,0.7572572069374014,0.7120000000000005,0.001541471591601257,0.7120000000000005,0.001167290472029318,0.7120000000000005,-4.531310863949116e-14,0.7120000000000005,0.0004758530409718252,0.7120000000000005,-1.572212164340383e-14,0.7120000000000005,-7.116025997158669e-15,0.7120000000000005,-1.118669734701092e-14
0.7200000000000005,0.7200000000000005,0.7200000000000005,0.2,0.7200000000000005,0.2567686427463655,0.7200000000000005,0.3906664772708506,0.7200000000000005,2.390182706499213,0.7200000000000005,0.730723922934074,0.7200000000000005,0.001586939104184919,0.7200000000000005,0.001159614367667489,0.7200000000000005,-4.515953075733097e-14,0.7200000000000005,0.000485157207653991,0.7200000000000005,-1.6157841434012e-14,0.7200000000000005,-7.157381061038476e-15,0.7200000000000005,-1.117743914414405e-14
0.7280000000000005,0.7280000000000005,0.7280000000000005,0.2,0.7280000000000005,0.2567686427463655,0.7280000000000005,0.3962924752426132,0.7280000000000005,2.329851518418399,0.7280000000000005,0.7057145032821842,0.7280000000000005,0.001632215037130555,0.7280000000000005,0.001151877824178301,0.7280000000000005,-4.500606789607999e-14,0.7280000000000005,0.0004943996709973857,0.7280000000000005,-1.658577670384093e-14,0.7280000000000005,-7.197197944327225e-15,0.7280000000000005,-1.11685690551709e-14
0.7360000000000005,0.7360000000000005,0.7360000000000005,0.2,0.7360000000000005,0.2567686427463655,0.7360000000000005,0.4019103499149692,0.7360000000000005,2.271908255716483,0.7360000000000005,0.6821044963966203,0.7360000000000005,0.001677290666407546,0.7360000000000005,0.001144087505320671,0.7360000000000005,-4.485317102252683e-14,0.7360000000000005,0.0005035799761907052,0.7360000000000005,-1.700539081685875e-14,0.7360000000000005,-7.235470511685382e-15,0.7360000000000005,-1.116009448802227e-14
0.7440000000000005,0.7440000000000005,0.7440000000000005,0.2,0.7440000000000005,0.2567686427463655,0.7440000000000005,0.4075203663197794,0.7440000000000005,2.21621714834153,0.7440000000000005,0.6597823247838377,0.7440000000000005,0.001722158103769757,0.7440000000000005,0.001136249477350536,0.7440000000000005,-4.470124090999924e-14,0.7440000000000005,0.0005126977192651539,0.7440000000000005,-1.741625001491709e-14,0.7440000000000005,-7.272203808166046e-15,0.7440000000000005,-1.115201882603501e-14
0.7520000000000006,0.7520000000000006,0.7520000000000006,0.2,0.7520000000000006,0.2567686427463655,0.7520000000000006,0.4131227836219994,0.7520000000000006,2.162652196699359,0.7520000000000006,0.6386477044731425,0.7520000000000006,0.001766810206188582,0.7520000000000006,0.001128369282422057,0.7520000000000006,-4.455063014784212e-14,0.7520000000000006,0.000521752542616262,0.7520000000000006,-1.78180154583622e-14,0.7520000000000006,-7.307412537963528e-15,0.7520000000000006,-1.114434195546001e-14
0.7600000000000006,0.7600000000000006,0.7600000000000006,0.2,0.7600000000000006,0.2567686427463655,0.7600000000000006,0.4187178553065912,0.7600000000000006,2.111096356563411,0.7600000000000006,0.6186102856862145,0.7600000000000006,0.001811240497115515,0.7600000000000006,0.00112045200136707,0.7600000000000006,-4.440164567674438e-14,0.7600000000000006,0.0005307441310691692,0.7600000000000006,-1.821043478077183e-14,0.7600000000000006,-7.341119605214489e-15,0.7600000000000006,-1.113706077059865e-14
0.7680000000000006,0.7680000000000006,0.7680000000000006,0.2,0.7680000000000006,0.2567686427463655,0.7680000000000006,0.4243058293730513,0.7680000000000006,2.061440797138693,0.7680000000000006,0.5995884803889717,0.7680000000000006,0.001855443097863452,0.7680000000000006,0.001112502307496153,0.7680000000000006,-4.425455168948534e-14,0.7680000000000006,0.0005396722084091752,0.7680000000000006,-1.859333347061614e-14,0.7680000000000006,-7.373354743958696e-15,0.7680000000000006,-1.113016964769776e-14
0.7760000000000006,0.7760000000000006,0.7760000000000006,0.2,0.7760000000000006,0.2567686427463655,0.7760000000000006,0.4298869485329856,0.7760000000000006,2.01358422587276,0.7760000000000006,0.5815084481704311,0.7760000000000006,0.001899412667656083,0.7760000000000006,0.001104524512803947,0.7760000000000006,-4.41095727584292e-14,0.7760000000000006,0.0005485365343114225,0.7760000000000006,-1.896660633037773e-14,0.7760000000000006,-7.404153255253647e-15,0.7760000000000006,-1.112366088175194e-14
0.7840000000000006,0.7840000000000006,0.7840000000000006,0.2,0.7840000000000006,0.2567686427463655,0.7840000000000006,0.435461450407261,0.7840000000000006,1.967432274029342,0.7840000000000006,0.5643032166461306,0.7840000000000006,0.001943144351115013,0.7840000000000006,0.00109652260774196,0.7840000000000006,-4.396689707365939e-14,0.7840000000000006,0.0005573369016137435,0.7840000000000006,-1.9330209205656e-14,0.7840000000000006,-7.433554861776581e-15,0.7840000000000006,-1.111752508289822e-14
0.7920000000000006,0.7920000000000006,0.7920000000000006,0.2,0.7920000000000006,0.2567686427463655,0.7920000000000006,0.4410295677200852,0.7920000000000006,1.922896937480887,0.7920000000000006,0.5479119164885021,0.7920000000000006,0.001986633732140335,0.7920000000000006,0.001088500295537716,0.7920000000000006,-4.382667969757638e-14,0.7920000000000006,0.0005660731338852426,0.7920000000000006,-1.968415112501465e-14,0.7920000000000006,-7.461602684060386e-15,0.7920000000000006,-1.111175153113669e-14
0.8,0.8,0.8,0.2,0.8,0.2567686427463655,0.8,0.4465915284880314,0.8,1.879896067617245,0.8,0.5322791144033299,0.8,0.002029876793297592,0.8,0.001080461021884313,0.8,-4.368904576210142e-14,0.8,0.0005747450832503764,0.8,-2.002848694680091e-14,0.8,-7.48834233771527e-15,0.8,-1.110632848969569e-14
