PM0:vgs X,PM0:vgs Y,PM0:vds X,PM0:vds Y,PM0:vth X,PM0:vth Y,PM0:vdsat X,PM0:vdsat Y,PM0:gmoverid X,PM0:gmoverid Y,PM0:self_gain X,PM0:self_gain Y,PM0:gm X,PM0:gm Y,PM0:cgs X,PM0:cgs Y,PM0:id X,PM0:id Y,PM0:csb X,PM0:csb Y,PM0:cgd X,PM0:cgd Y,PM0:cdb X,PM0:cdb Y,PM0:gds X,PM0:gds Y
0,0,0,-0.2,0,-0.253895118075244,0,-0.03688301481448581,0,32.12546887144993,0,502.6463441403823,0,1.417980861366296e-08,0,-3.082614049340302e-15,0,-4.41388407910926e-10,0,-8.833048224533302e-15,0,-3.100017908473447e-15,0,-7.995232187847933e-15,0,2.821030885624572e-11
0.008,-0.008000000000000007,0.008,-0.2,0.008,-0.253895118075244,0.008,-0.03688985843573074,0.008,32.03474645719594,0.008,501.2018277493907,0.008,1.827691212323938e-08,0.008,-3.085231797048766e-15,0.008,-5.705340321606882e-10,0.008,-8.834073101082744e-15,0.008,-3.100023281766635e-15,0.008,-7.995243879501975e-15,0.008,3.646617213131581e-11
0.016,-0.01600000000000001,0.016,-0.2,0.016,-0.253895118075244,0.016,-0.0368986708345868,0.016,31.93341799413547,0.016,499.584328022018,0.016,2.353175054049645e-08,0.016,-3.089182430339986e-15,0.016,-7.369004935227295e-10,0.016,-8.835401110212904e-15,0.016,-3.100030266597929e-15,0.016,-7.995259029658825e-15,0.016,4.710265959235484e-11
0.024,-0.02400000000000002,0.024,-0.2,0.024,-0.253895118075244,0.024,-0.03691000378081258,0.024,31.82048133064346,0.024,497.7762561379198,0.024,3.026014114979133e-08,0.024,-3.094862450950482e-15,0.024,-9.509643104165838e-10,0.024,-8.837121806889667e-15,0.024,-3.100039346035846e-15,0.024,-7.995278660348415e-15,0.024,6.079064796012908e-11
0.032,-0.03200000000000003,0.032,-0.2,0.032,-0.253895118075244,0.032,-0.03692455710061378,0.032,31.69491456409564,0.032,495.759227490156,0.032,3.885931482590965e-08,0.032,-3.102787630951004e-15,0.032,-1.226042609440079e-09,0.032,-8.8393511502994e-15,0.032,-3.100051147836019e-15,0.032,-7.99530409512479e-15,0.032,7.838344234688251e-11
0.04,-0.04000000000000004,0.04,-0.2,0.04,-0.253895118075244,0.04,-0.03694321549067364,0.04,31.55569907959524,0.04,493.5143110420825,0.04,4.982703279944702e-08,0.04,-3.113628742676052e-15,0.04,-1.579018534873986e-09,0.04,-8.842239257831479e-15,0.04,-3.100066487716359e-15,0.04,-7.995337047743702e-15,0.04,1.009637039587251e-10
0.048,-0.04800000000000004,0.048,-0.2,0.048,-0.253895118075244,0.048,-0.03696709322197596,0.048,31.40184942450644,0.048,491.0223654151403,0.048,6.378451885915917e-08,0.048,-3.128257922686063e-15,0.048,-2.0312344957936e-09,0.048,-8.845980416531911e-15,0.048,-3.100086425539043e-15,0.048,-7.995379736746996e-15,0.048,1.299014532774527e-10
0.056,-0.05600000000000005,0.056,-0.2,0.056,-0.253895118075244,0.056,-0.03699758788505338,0.056,31.23245058301785,0.056,488.2644688248682,0.056,8.150376412685894e-08,0.056,-3.147808788571628e-15,0.056,-2.609585976254054e-09,0.056,-8.850825996314561e-15,0.056,-3.100112338225377e-15,0.056,-7.995435033409626e-15,0.056,1.669254457999337e-10
0.064,-0.06400000000000006,0.064,-0.2,0.064,-0.253895118075244,0.064,-0.03703644425986236,0.064,31.0467027547744,0.064,485.2224433071048,0.064,1.039398040122772e-07,0.064,-3.173754310753199e-15,0.064,-3.347853256638083e-09,0.064,-8.857101084331822e-15,0.064,-3.100146014347881e-15,0.064,-7.995506652574473e-15,0.064,2.142106274059793e-10
0.07200000000000001,-0.07200000000000006,0.07200000000000001,-0.2,0.07200000000000001,-0.253895118075244,0.07200000000000001,-0.03708582919678172,0.07200000000000001,30.84397300166466,0.07200000000000001,481.879463020332,0.07200000000000001,1.322686217523593e-07,0.07200000000000001,-3.208007553023418e-15,0.07200000000000001,-4.288313397642603e-09,0.07200000000000001,-8.865225876548138e-15,0.07200000000000001,-3.100189776778762e-15,0.07200000000000001,-7.995599398492369e-15,0.07200000000000001,2.744848699783216e-10
0.08000000000000002,-0.08000000000000007,0.08000000000000002,-0.2,0.08000000000000002,-0.253895118075244,0.08000000000000002,-0.03714841801903921,0.08000000000000002,30.62385204323012,0.08000000000000002,478.2207206001301,0.08000000000000002,1.679314156921746e-07,0.08000000000000002,-3.2530517784686e-15,0.08000000000000002,-5.483680379458668e-09,0.08000000000000002,-8.875743126189438e-15,0.08000000000000002,-3.100246641606595e-15,0.08000000000000002,-7.99571948099352e-15,0.08000000000000002,3.511588027416161e-10
0.08800000000000002,-0.08800000000000008,0.08800000000000002,-0.2,0.08800000000000002,-0.253895118075244,0.08800000000000002,-0.03722749234910012,0.08800000000000002,30.38621301235413,0.08800000000000002,474.2341041385037,0.08800000000000002,2.126860993398315e-07,0.08800000000000002,-3.312108110100021e-15,0.08800000000000002,-6.99942767290882e-09,0.08800000000000002,-8.889353261952786e-15,0.08800000000000002,-3.100320523862172e-15,0.08800000000000002,-7.995874921226045e-15,0.08800000000000002,4.484833492230557e-10
0.09600000000000003,-0.09600000000000009,0.09600000000000003,-0.2,0.09600000000000003,-0.253895118075244,0.09600000000000003,-0.03732704836847635,0.09600000000000003,30.13126713902719,0.09600000000000003,469.9108103485998,0.09600000000000003,2.686671067484171e-07,0.09600000000000003,-3.389350958812667e-15,0.09600000000000003,-8.916555231315592e-09,0.09600000000000003,-8.906959147656296e-15,0.09600000000000003,-3.100416503532127e-15,0.09600000000000003,-7.996076070849288e-15,0.09600000000000003,5.717406385035245e-10
0.104,-0.1040000000000001,0.104,-0.2,0.104,-0.253895118075244,0.104,-0.03745191330349189,0.104,29.859609213636,0.104,465.2457886193669,0.104,3.384548645587884e-07,0.104,-3.490183763227095e-15,0.104,-1.133487257035096e-08,0.104,-8.929722842231294e-15,0.104,-3.100541169008442e-15,0.104,-7.996336273913177e-15,0.104,7.274753965278546e-10
0.112,-0.1120000000000001,0.112,-0.2,0.112,-0.253895118075244,0.112,-0.03760786637539858,0.112,29.57224353664567,0.112,460.2378798093976,0.112,4.25156651991177e-07,0.112,-3.621590116559717e-15,0.112,-1.437688190056083e-08,0.112,-8.959137093081118e-15,0.112,-3.100703059642427e-15,0.112,-7.996672706448741e-15,0.112,9.23775879045964e-10
0.1200000000000001,-0.1200000000000001,0.1200000000000001,-0.2,0.1200000000000001,-0.253895118075244,0.1200000000000001,-0.03780175859561087,0.1200000000000001,29.27057932215351,0.1200000000000001,454.8894898659422,0.1200000000000001,5.325009311273611e-07,0.1200000000000001,-3.792577807396935e-15,0.1200000000000001,-1.819236053128831e-08,0.1200000000000001,-8.997114572448902e-15,0.1200000000000001,-3.100913234533375e-15,0.1200000000000001,-7.997107434448462e-15,0.1200000000000001,1.170616035301874e-09
0.1280000000000001,-0.1280000000000001,0.1280000000000001,-0.2,0.1280000000000001,-0.253895118075244,0.1280000000000001,-0.03804162372485836,0.1280000000000001,28.95638383594052,0.1280000000000001,449.205632282715,0.1280000000000001,6.649474310202147e-07,0.1280000000000001,-4.01473509389336e-15,0.1280000000000001,-2.296375941275416e-08,0.1280000000000001,-9.046097888719534e-15,0.1280000000000001,-3.101186001094833e-15,0.1280000000000001,-7.997668735220662e-15,0.1280000000000001,1.480274028714135e-09
0.1360000000000001,-0.1360000000000001,0.1360000000000001,-0.2,0.1360000000000001,-0.253895118075244,0.1360000000000001,-0.0383367706323887,0.1360000000000001,28.63168274407854,0.1360000000000001,443.1921988399894,0.1360000000000001,8.27815026819645e-07,0.1360000000000001,-4.302918558737415e-15,0.1360000000000001,-2.89125524008185e-08,0.1360000000000001,-9.109192898081315e-15,0.1360000000000001,-3.101539844145165e-15,0.1360000000000001,-7.998392727818208e-15,0.1360000000000001,1.867846566312238e-09
0.1440000000000001,-0.1440000000000001,0.1440000000000001,-0.2,0.1440000000000001,-0.253895118075244,0.1440000000000001,-0.03869784546149727,0.1440000000000001,28.29860110819316,0.1440000000000001,436.8533895984159,0.1440000000000001,1.027428352683233e-06,0.1440000000000001,-4.676088171585715e-15,0.1440000000000001,-3.630668348542876e-08,0.1440000000000001,-9.19032634960621e-15,0.1440000000000001,-3.101998603781918e-15,0.1440000000000001,-7.999325351455203e-15,0.1440000000000001,2.351883668861336e-09
0.1520000000000001,-0.1520000000000001,0.1520000000000001,-0.2,0.1520000000000001,-0.253895118075244,0.1520000000000001,-0.03913685078792757,0.1520000000000001,27.95914585881856,0.1520000000000001,430.1883619278806,0.1520000000000001,1.271281613733044e-06,0.1520000000000001,-5.158294330834505e-15,0.1520000000000001,-4.546925792993873e-08,0.1520000000000001,-9.294425694280188e-15,0.1520000000000001,-3.102592957070747e-15,0.1520000000000001,-8.000524710074734e-15,0.1520000000000001,2.955174352081076e-09
0.1600000000000001,-0.1600000000000001,0.1600000000000001,-0.2,0.1600000000000001,-0.253895118075244,0.1600000000000001,-0.03966710874881091,0.1600000000000001,27.61494146917573,0.1600000000000001,423.1873446226573,0.1600000000000001,1.568213726813765e-06,0.1600000000000001,-5.779798178998115e-15,0.1600000000000001,-5.678859502115777e-08,0.1600000000000001,-9.427612895096726e-15,0.1600000000000001,-3.10336226261284e-15,0.1600000000000001,-8.002063756423095e-15,0.1600000000000001,3.705719811191638e-09
0.1680000000000001,-0.1680000000000001,0.1680000000000001,-0.2,0.1680000000000001,-0.253895118075244,0.1680000000000001,-0.04030315631001948,0.1680000000000001,27.26694393029478,0.1680000000000001,415.8276885452984,0.1680000000000001,1.928582456083874e-06,0.1680000000000001,-6.578262053351497e-15,0.1680000000000001,-7.072968873285171e-08,0.1680000000000001,-9.597393811439347e-15,0.1680000000000001,-3.104356824877138e-15,0.1680000000000001,-8.004033205467363e-15,0.1680000000000001,4.637936600207379e-09
0.1760000000000001,-0.1760000000000002,0.1760000000000001,-0.2,0.1760000000000001,-0.253895118075244,0.1760000000000001,-0.04106056371096099,0.1760000000000001,26.91517158558258,0.1760000000000001,408.0705461596662,0.1760000000000001,2.3644168495639e-06,0.1760000000000001,-7.599870104350592e-15,0.1760000000000001,-8.784699153179747e-08,0.1760000000000001,-9.812808451641899e-15,0.1760000000000001,-3.105640621193336e-15,0.1760000000000001,-8.00654442572859e-15,0.1760000000000001,5.794137488763455e-09
0.1840000000000001,-0.1840000000000002,0.1840000000000001,-0.2,0.1840000000000001,-0.253895118075244,0.1840000000000001,-0.0419556717631562,0.1840000000000001,26.55850117562256,0.1840000000000001,399.8590216338206,0.1840000000000001,2.889518026168993e-06,0.1840000000000001,-8.900116890176045e-15,0.1840000000000001,-1.08798234051038e-07,0.1840000000000001,-1.008448365933639e-14,0.1840000000000001,-3.107294500198179e-15,0.1840000000000001,-8.009731838211426e-15,0.1840000000000001,7.226341960129964e-09
0.1920000000000001,-0.1920000000000002,0.1920000000000001,-0.2,0.1920000000000001,-0.253895118075244,0.1920000000000001,-0.04300524988754884,0.1920000000000001,26.1945792261064,0.1920000000000001,391.1186333698799,0.1920000000000001,3.51947011588272e-06,0.1920000000000001,-1.054382573235146e-14,0.1920000000000001,-1.343587192706479e-07,0.1920000000000001,-1.042449897497314e-14,0.1920000000000001,-3.109419795377004e-15,0.1920000000000001,-8.013754046418776e-15,0.1920000000000001,8.998472114608678e-09
0.2000000000000001,-0.2000000000000002,0.2000000000000001,-0.2,0.2000000000000001,-0.253895118075244,0.2000000000000001,-0.04422608404261667,0.2000000000000001,25.81988918266318,0.2000000000000001,381.7607205042029,0.2000000000000001,4.271518596759508e-06,0.2000000000000001,-1.260374013967052e-14,0.2000000000000001,-1.654352025796866e-07,0.2000000000000001,-1.084594355489629e-14,0.2000000000000001,-3.112142189472554e-15,0.2000000000000001,-8.018792552437414e-15,0.2000000000000001,1.118899448617444e-08
0.2080000000000001,-0.2080000000000002,0.2080000000000001,-0.2,0.2080000000000001,-0.253895118075244,0.2080000000000001,-0.0456345112215811,0.2080000000000001,25.42999260577844,0.2080000000000001,371.6889924243373,0.2080000000000001,5.164275343282598e-06,0.2080000000000001,-1.51568297814972e-14,0.2080000000000001,-2.030781299895891e-07,0.2080000000000001,-1.136202136902064e-14,0.2080000000000001,-3.115615508209524e-15,0.2080000000000001,-8.025046584546117e-15,0.2080000000000001,1.389407663003058e-08
0.2160000000000001,-0.2160000000000002,0.2160000000000001,-0.2,0.2160000000000001,-0.253895118075244,0.2160000000000001,-0.0472459239964785,0.2160000000000001,25.01993144351781,0.2160000000000001,360.8088281959239,0.2160000000000001,6.217220753044577e-06,0.2160000000000001,-1.827741013959016e-14,0.2160000000000001,-2.484907190019998e-07,0.2160000000000001,-1.198458104083863e-14,0.2160000000000001,-3.120024924736924e-15,0.2160000000000001,-8.032722497317138e-15,0.2160000000000001,1.723134321333331e-08
0.2240000000000001,-0.2240000000000002,0.2240000000000001,-0.2,0.2240000000000001,-0.253895118075244,0.2240000000000001,-0.04907427365470301,0.2240000000000001,24.5847450268839,0.2240000000000001,349.0383167642267,0.2240000000000001,7.449994115286163e-06,0.2240000000000001,-2.202653247686526e-14,0.2240000000000001,-3.030332064807893e-07,0.2240000000000001,-1.272204465688212e-14,0.2240000000000001,-3.125588862579076e-15,0.2240000000000001,-8.04201676655964e-15,0.2240000000000001,2.134434461050472e-08
0.2320000000000002,-0.2320000000000002,0.2320000000000002,-0.2,0.2320000000000002,-0.253895118075244,0.2320000000000002,-0.05113160297087987,0.2320000000000002,24.12002917190528,0.2320000000000002,336.3195612092339,0.2320000000000002,8.881492301623877e-06,0.2320000000000002,-2.643812011653748e-14,0.2320000000000002,-3.682206285504151e-07,0.2320000000000002,-1.357691855759984e-14,0.2320000000000002,-3.132558785554229e-15,0.2320000000000002,-8.053093162868168e-15,0.2320000000000002,2.640789691117148e-08
0.2400000000000002,-0.2400000000000002,0.2400000000000002,-0.2,0.2400000000000002,-0.253895118075244,0.2400000000000002,-0.05342763908101524,0.2400000000000002,23.62245359799514,0.2400000000000002,322.628598355902,0.2400000000000002,1.052882966921535e-05,0.2400000000000002,-3.150405470546673e-14,0.2400000000000002,-4.457127887343479e-07,0.2400000000000002,-1.454337131387349e-14,0.2400000000000002,-3.141216187815578e-15,0.2400000000000002,-8.066057297320114e-15,0.2400000000000002,3.263452069304983e-08
0.2480000000000002,-0.2480000000000002,0.2480000000000002,-0.2,0.2480000000000002,-0.253895118075244,0.2480000000000002,-0.05596947321454576,0.2480000000000002,23.09016134688912,0.2480000000000002,307.9824707095383,0.2480000000000002,1.240624254338206e-05,0.2480000000000002,-3.716233943104468e-14,0.2480000000000002,-5.372956194493059e-07,0.2480000000000002,-1.560564545346969e-14,0.2480000000000002,-3.151866557331098e-15,0.2480000000000002,-8.080934648609219e-15,0.2480000000000002,4.02823008556306e-08
0.2560000000000002,-0.2560000000000002,0.2560000000000002,-0.2,0.2560000000000002,-0.253895118075244,0.2560000000000002,-0.05876134758755323,0.2560000000000002,22.52299768444833,0.2560000000000002,292.4424809241822,0.2560000000000002,1.452404294946674e-05,0.2560000000000002,-4.329339425902058e-14,0.2560000000000002,-6.448539023807546e-07,0.2560000000000002,-1.673812282240956e-14,0.2560000000000002,-3.164830869549834e-15,0.2560000000000002,-8.097659730472081e-15,0.2560000000000002,4.966461405869487e-08
0.2640000000000002,-0.2640000000000002,0.2640000000000002,-0.2,0.2640000000000002,-0.253895118075244,0.2640000000000002,-0.06180456134859419,0.2640000000000002,21.92254889850451,0.2640000000000002,276.1133184263941,0.2640000000000002,1.688773274451556e-05,0.2640000000000002,-4.972817426549465e-14,0.2640000000000002,-7.703361877921227e-07,0.2640000000000002,-1.790750766132166e-14,0.2640000000000002,-3.180436050226891e-15,0.2640000000000002,-8.116082424507589e-15,0.2640000000000002,6.116232581883755e-08
0.2720000000000002,-0.2720000000000002,0.2720000000000002,-0.2,0.2720000000000002,-0.253895118075244,0.2720000000000002,-0.06509749812707323,0.2720000000000002,21.2920043615038,0.2720000000000002,259.1383975778651,0.2720000000000002,1.949737816412544e-05,0.2720000000000002,-5.626795384328287e-14,0.2720000000000002,-9.157136093773863e-07,0.2720000000000002,-1.907686637511265e-14,0.2720000000000002,-3.199006432033118e-15,0.2720000000000002,-8.13599233440726e-15,0.2720000000000002,7.523924800942294e-08
0.2800000000000002,-0.2800000000000002,0.2800000000000002,-0.2,0.2800000000000002,-0.253895118075244,0.2800000000000002,-0.06863576856852062,0.2800000000000002,20.63588050292387,0.2800000000000002,241.6922401306076,0.2800000000000002,2.234731705179863e-05,0.2800000000000002,-6.2710977080066e-14,0.2800000000000002,-1.082934990306773e-06,0.2800000000000002,-2.021051000133211e-14,0.2800000000000002,-3.220858170357368e-15,0.2800000000000002,-8.157155469916585e-15,0.2800000000000002,9.246187233699522e-08
0.2880000000000002,-0.2880000000000003,0.2880000000000002,-0.2,0.2880000000000002,-0.253895118075244,0.2880000000000002,-0.07241245326223601,0.2880000000000002,19.95965881996911,0.2880000000000002,223.9709953395933,0.2880000000000002,2.542623135997665e-05,0.2880000000000002,-6.887843957003968e-14,0.2880000000000002,-1.273881061289757e-06,0.2880000000000002,-2.127836953885615e-14,0.2880000000000002,-3.246297837827697e-15,0.2880000000000002,-8.179353236185197e-15,0.2880000000000002,1.135246611795623e-07
0.2960000000000002,-0.2960000000000003,0.2960000000000002,-0.2,0.2960000000000002,-0.253895118075244,0.2960000000000002,-0.07641842544796307,0.2960000000000002,19.2693916169836,0.2960000000000002,206.1822195520022,0.2960000000000002,2.87175731070177e-05,0.2960000000000002,-7.46330490010401e-14,0.2960000000000002,-1.490320695038107e-06,0.2960000000000002,-2.225879303301661e-14,0.2960000000000002,-3.275625313865183e-15,0.2960000000000002,-8.202413928495303e-15,0.2960000000000002,1.392824908443412e-07
0.3040000000000002,-0.3040000000000003,0.3040000000000002,-0.2,0.3040000000000002,-0.253895118075244,0.3040000000000002,-0.08064272928192037,0.3040000000000002,18.5713215915388,0.3040000000000002,188.5348897657335,0.3040000000000002,3.220029074860788e-05,0.3040000000000002,-7.988695369255216e-14,0.3040000000000002,-1.733871797461348e-06,0.3040000000000002,-2.313938049459315e-14,0.3040000000000002,-3.309140112731395e-15,0.3040000000000002,-8.22623106059825e-15,0.3040000000000002,1.707922113971519e-07
0.3120000000000002,-0.3120000000000003,0.3120000000000002,-0.2,0.3120000000000002,-0.253895118075244,0.3120000000000002,-0.08507298834506272,0.3120000000000002,17.87154871319459,0.3120000000000002,171.2303817794351,0.3120000000000002,3.584977159050112e-05,0.3120000000000002,-8.459983458497056e-14,0.3120000000000002,-2.005968937910727e-06,0.3120000000000002,-2.391615328880153e-14,0.3120000000000002,-3.347149791056532e-15,0.3120000000000002,-8.250768103589737e-15,0.3120000000000002,2.093657166324598e-07
0.3200000000000002,-0.3200000000000003,0.3200000000000002,-0.2,0.3200000000000002,-0.253895118075244,0.3200000000000002,-0.08969582026620584,0.3200000000000002,17.17576388860412,0.3200000000000002,154.4548769935641,0.3200000000000002,3.963889855476865e-05,0.3200000000000002,-8.877047759973057e-14,0.3200000000000002,-2.307839046481869e-06,0.3200000000000002,-2.459172583124602e-14,0.3200000000000002,-3.389979087146331e-15,0.3200000000000002,-8.276052972504794e-15,0.3200000000000002,2.566374032748758e-07
0.3280000000000002,-0.3280000000000003,0.3280000000000002,-0.2,0.3280000000000002,-0.253895118075244,0.3280000000000002,-0.09449723634425995,0.3280000000000002,16.48905643067345,0.3280000000000002,138.373424632452,0.3280000000000002,4.353911728073174e-05,0.3280000000000002,-9.242565719048377e-14,0.3280000000000002,-2.640485673893621e-06,0.3280000000000002,-2.517316614751937e-14,0.3280000000000002,-3.43797878931079e-15,0.3280000000000002,-8.30216691357075e-15,0.3280000000000002,3.146494162183274e-07
0.3360000000000002,-0.3360000000000003,0.3360000000000002,-0.2,0.3360000000000002,-0.253895118075244,0.3360000000000002,-0.09946300928172193,0.3360000000000002,15.81579282671488,0.3360000000000002,123.1257042526338,0.3360000000000002,4.752142031578909e-05,0.3360000000000002,-9.56092975803024e-14,0.3360000000000002,-3.004681512771498e-06,0.3360000000000002,-2.567003565692108e-14,0.3360000000000002,-3.49153377461159e-15,0.3360000000000002,-8.329231857569413e-15,0.3360000000000002,3.859585665254991e-07
0.3440000000000003,-0.3440000000000003,0.3440000000000003,-0.2,0.3440000000000003,-0.253895118075244,0.3440000000000003,-0.1045789969517339,0.3440000000000003,15.15955812815466,0.3440000000000003,108.8234115305639,0.3440000000000003,5.155717525414474e-05,0.3440000000000003,-9.837356553762712e-14,0.3440000000000003,-3.400968208884501e-06,0.3440000000000003,-2.609285307482825e-14,0.3440000000000003,-3.551070036934208e-15,0.3440000000000003,-8.357398887851476e-15,0.3440000000000003,4.737691506727348e-07
0.3520000000000003,-0.3520000000000003,0.3520000000000003,-0.2,0.3520000000000003,-0.253895118075244,0.3520000000000003,-0.1098314149388737,0.3520000000000003,14.52314815040973,0.3520000000000003,95.54911943654773,0.3520000000000003,5.561874864728281e-05,0.3520000000000003,-1.007724281006919e-13,0.3520000000000003,-3.829662003836328e-06,0.3520000000000003,-2.645203473903414e-14,0.3520000000000003,-3.617060767799719e-15,0.3520000000000003,-8.386839070786749e-15,0.3520000000000003,5.820958788031334e-07
0.3600000000000003,-0.3600000000000003,0.3600000000000003,-0.2,0.3600000000000003,-0.253895118075244,0.3600000000000003,-0.1152070549716395,0.3600000000000003,13.90859991692951,0.3600000000000003,83.35643213635902,0.3600000000000003,5.967990328833743e-05,0.3600000000000003,-1.028575116684106e-13,0.3600000000000003,-4.290863469018497e-06,0.3600000000000003,-2.675725310483432e-14,0.3600000000000003,-3.690031669933582e-15,0.3600000000000003,-8.417736900146095e-15,0.3600000000000003,7.159603855250159e-07
0.3680000000000003,-0.3680000000000003,0.3680000000000003,-0.2,0.3680000000000003,-0.253895118075244,0.3680000000000003,-0.1206934500058595,0.3680000000000003,13.31724866733695,0.3680000000000003,72.27123548924449,0.3680000000000003,6.371597018332319e-05,0.3680000000000003,-1.046757886557493e-13,0.3680000000000003,-4.784469508329467e-06,0.3680000000000003,-2.701711275823226e-14,0.3680000000000003,-3.7705657082511e-15,0.3680000000000003,-8.45028605842171e-15,0.3680000000000003,8.816228164911542e-07
0.3760000000000003,-0.3760000000000003,0.3760000000000003,-0.2,0.3760000000000003,-0.253895118075244,0.3760000000000003,-0.1262789894806936,0.3760000000000003,12.74980161348569,0.3760000000000003,62.29384456717546,0.3760000000000003,6.77038167697351e-05,0.3760000000000003,-1.062685611729242e-13,0.3760000000000003,-5.310185901127949e-06,0.3760000000000003,-2.723904251200403e-14,0.3760000000000003,-3.859307474140362e-15,0.3760000000000003,-8.484686984276078e-15,0.3760000000000003,1.086846015688207e-06
0.3840000000000003,-0.3840000000000003,0.3840000000000003,-0.2,0.3840000000000003,-0.253895118075244,0.3840000000000003,-0.1319529901374802,0.3840000000000003,12.20642094548182,0.3840000000000003,53.40184872456834,0.3840000000000003,7.162164970915179e-05,0.3840000000000003,-1.076712810708529e-13,0.3840000000000003,-5.867538898535315e-06,0.3840000000000003,-2.742932023333301e-14,0.3840000000000003,-3.956967285561147e-15,0.3840000000000003,-8.521145717943648e-15,0.3840000000000003,1.341182963132158e-06
0.3920000000000003,-0.3920000000000003,0.3920000000000003,-0.2,0.3920000000000003,-0.253895118075244,0.3920000000000003,-0.1377057288467191,0.3920000000000003,11.68681097661287,0.3920000000000003,45.55345631068608,0.3920000000000003,7.544870477029174e-05,0.3920000000000003,-1.089138570871193e-13,0.3920000000000003,-6.455884750905964e-06,0.3920000000000003,-2.759316974056572e-14,0.3920000000000003,-4.064325084835101e-15,0.3920000000000003,-8.559873569085104e-15,0.3920000000000003,1.65626740275672e-06
0.4000000000000003,-0.4000000000000004,0.4000000000000003,-0.2,0.4000000000000003,-0.253895118075244,0.4000000000000003,-0.1435284442654937,0.4000000000000003,11.19030648596374,0.4000000000000003,38.69114500327999,0.4000000000000003,7.916488902274591e-05,0.4000000000000003,-1.100212078935582e-13,0.4000000000000003,-7.074416515970623e-06,0.4000000000000003,-2.773488944018098e-14,0.4000000000000003,-4.18223413644464e-15,0.4000000000000003,-8.601087249645402e-15,0.4000000000000003,2.046072531997562e-06
0.4080000000000003,-0.4080000000000004,0.4080000000000003,-0.2,0.4080000000000003,-0.253895118075244,0.4080000000000003,-0.1494133140068862,0.4080000000000003,10.71596103300381,0.4080000000000003,32.74543201451099,0.4080000000000003,8.275045208582238e-05,0.4080000000000003,-1.110139069233021e-13,0.4080000000000003,-7.722168066053675e-06,0.4080000000000003,-2.785798800778866e-14,0.4080000000000003,-4.311624471513351e-15,0.4080000000000003,-8.645009205589262e-15,0.4080000000000003,2.527083840248371e-06
0.4160000000000003,-0.4160000000000004,0.4160000000000003,-0.2,0.4160000000000003,-0.253895118075244,0.4160000000000003,-0.1553534135031421,0.4160000000000003,10.26263504937121,0.4160000000000003,27.63859277697702,0.4160000000000003,8.618577195877758e-05,0.4160000000000003,-1.119088279497346e-13,0.4160000000000003,-8.398015864781241e-06,0.4160000000000003,-2.796531333630508e-14,0.4160000000000003,-4.45350597391298e-15,0.4160000000000003,-8.691867954017342e-15,0.4160000000000003,3.118312594792106e-06
0.4240000000000003,-0.4240000000000004,0.4240000000000003,-0.2,0.4240000000000003,-0.253895118075244,0.4240000000000003,-0.1613426620256497,0.4240000000000003,9.829083633888194,0.4240000000000003,23.28817754390284,0.4240000000000003,8.945134269897087e-05,0.4240000000000003,-1.127197428142191e-13,0.4240000000000003,-9.100679781669e-06,0.4240000000000003,-2.805916806648466e-14,0.4240000000000003,-4.608970954088901e-15,0.4240000000000003,-8.741898284604665e-15,0.4240000000000003,3.841062381559798e-06
0.4320000000000003,-0.4320000000000004,0.4320000000000003,-0.2,0.4320000000000003,-0.253895118075244,0.4320000000000003,-0.1673757605025128,0.4320000000000003,9.414043034427465,0.4320000000000003,19.61020152215886,0.4320000000000003,9.252803893791282e-05,0.4320000000000003,-1.134578495050907e-13,0.4320000000000003,-9.828724874085623e-06,0.4320000000000003,-2.81414093274791e-14,0.4320000000000003,-4.779196009646717e-15,0.4320000000000003,-8.795341219517533e-15,0.4320000000000003,4.718362472377414e-06
0.4400000000000003,-0.4400000000000004,0.4400000000000003,-0.2,0.4400000000000003,-0.253895118075244,0.4400000000000003,-0.1734481249343078,0.4400000000000003,9.016312864747103,0.4400000000000003,16.52191358565744,0.4400000000000003,9.539769827177849e-05,0.4400000000000003,-1.141322247128089e-13,0.4400000000000003,-1.058056654677982e-05,0.4400000000000003,-2.82135327530438e-14,0.4400000000000003,-4.965442925948142e-15,0.4400000000000003,-8.852443648222698e-15,0.4400000000000003,5.774010242650862e-06
0.4480000000000003,-0.4480000000000004,0.4480000000000003,-0.2,0.4480000000000003,-0.253895118075244,0.4480000000000003,-0.1795558184097722,0.4480000000000003,8.634828656467528,0.4480000000000003,13.94407905108793,0.4480000000000003,9.804400315302409e-05,0.4480000000000003,-1.1475020375995e-13,0.4480000000000003,-1.135448160628441e-05,0.4480000000000003,-2.827674208374636e-14,0.4480000000000003,-5.169058325682158e-15,0.4480000000000003,-8.913457567053978e-15,0.4480000000000003,7.031228293658775e-06
0.4560000000000003,-0.4560000000000004,0.4560000000000003,-0.2,0.4560000000000003,-0.253895118075244,0.4560000000000003,-0.1856954840029285,0.4560000000000003,8.268717362038032,0.4560000000000003,11.80274187894044,0.4560000000000003,0.0001004535652627108,0.4560000000000003,-1.153176951116962e-13,0.4560000000000003,-1.214862727369782e-05,0.4560000000000003,-2.83320061899308e-14,0.4560000000000003,-5.391471734829111e-15,0.4560000000000003,-8.978638861602185e-15,0.4560000000000003,8.511036358589645e-06
0.4640000000000004,-0.4640000000000004,0.4640000000000004,-0.2,0.4640000000000004,-0.253895118075244,0.4640000000000004,-0.1918642802091818,0.4640000000000004,7.917328165226363,0.4640000000000004,10.03046039943155,0.4640000000000004,0.0001026170376106909,0.4640000000000004,-1.158394383234368e-13,0.4640000000000004,-1.296106912198326e-05,0.4640000000000004,-2.838010546423368e-14,0.4640000000000004,-5.634191695911013e-15,0.4640000000000004,-9.048245575855477e-15,0.4640000000000004,1.02305411241648e-05
0.4720000000000004,-0.4720000000000004,0.4720000000000004,-0.2,0.4720000000000004,-0.253895118075244,0.4720000000000004,-0.1980598200567557,0.4720000000000004,7.580233379839249,0.4720000000000004,8.567038186824288,0.4720000000000004,0.000104530033315048,0.4720000000000004,-1.163192144438286e-13,0.4720000000000004,-1.378981728890881e-05,0.4720000000000004,-2.842166943013148e-14,0.4720000000000004,-5.898799531327057e-15,0.4720000000000004,-9.122535617913937e-15,0.4720000000000004,1.22014202616501e-05
0.4800000000000004,-0.4800000000000004,0.4800000000000004,-0.2,0.4800000000000004,-0.253895118075244,0.4800000000000004,-0.2042801146078475,0.4800000000000004,7.257199246644331,0.4800000000000004,7.359797518455239,0.4800000000000004,0.0001061936426436351,0.4800000000000004,-1.167600172858164e-13,0.4800000000000004,-1.463286855365747e-05,0.4800000000000004,-2.845720721053046e-14,0.4800000000000004,-6.1869403444405e-15,0.4800000000000004,-9.201763860004575e-15,0.4800000000000004,1.442888100893355e-05
0.4880000000000004,-0.4880000000000004,0.4880000000000004,-0.2,0.4880000000000004,-0.253895118075244,0.4880000000000004,-0.210523521232337,0.4880000000000004,6.94813262094292,0.4880000000000004,6.363465248742444,0.4880000000000004,0.000107614418343098,0.4880000000000004,-1.171641930326711e-13,0.4880000000000004,-1.548825047163509e-05,0.4880000000000004,-2.848713226408891e-14,0.4880000000000004,-6.500310849464313e-15,0.4880000000000004,-9.286178602083035e-15,0.4880000000000004,1.691129190410286e-05
0.4960000000000004,-0.4960000000000004,0.4960000000000004,-0.2,0.4960000000000004,-0.253895118075244,0.4960000000000004,-0.2167886967847275,0.4960000000000004,6.653014567431691,0.4960000000000004,5.539757092172591,0.4960000000000004,0.0001088038206555466,0.4960000000000004,-1.175335546021547e-13,0.4960000000000004,-1.635406319240099e-05,0.4960000000000004,-2.851178256223037e-14,0.4960000000000004,-6.840643649441182e-15,0.4960000000000004,-9.376017384893646e-15,0.4960000000000004,1.964053998130732e-05
0.5040000000000003,-0.5040000000000003,0.5040000000000003,-0.2,0.5040000000000003,-0.253895118075244,0.5040000000000003,-0.2230745556299339,0.5040000000000003,6.371833776121852,0.5040000000000003,4.856753471305803,0.5040000000000003,0.0001097772338866508,0.5040000000000003,-1.178694761754066e-13,0.5040000000000003,-1.722851501528857e-05,0.5040000000000003,-2.853143716373084e-14,0.5040000000000003,-7.209687641443061e-15,0.5040000000000003,-9.471502161011301e-15,0.5040000000000003,2.26030072424359e-05
0.5120000000000003,-0.5120000000000003,0.5120000000000003,-0.2,0.5120000000000003,-0.253895118075244,0.5120000000000003,-0.2293802323331063,0.5120000000000003,6.104530941395319,0.5120000000000003,4.288157024642431,0.5120000000000003,0.0001105527439023407,0.5120000000000003,-1.181729723654354e-13,0.5120000000000003,-1.81099489811499e-05,0.5120000000000003,-2.854632995294105e-14,0.5120000000000003,-7.609184325951897e-15,0.5120000000000003,-9.572833861723271e-15,0.5120000000000003,2.578094581589141e-05
0.5200000000000004,-0.5200000000000004,0.5200000000000004,-0.2,0.5200000000000004,-0.253895118075244,0.5200000000000004,-0.2357050487421407,0.5200000000000004,5.850960873962755,0.5200000000000004,3.812509766829691,0.5200000000000004,0.0001111498811742414,0.5200000000000004,-1.184447656714966e-13,0.5200000000000004,-1.899685941655146e-05,0.5200000000000004,-2.855666114313366e-14,0.5200000000000004,-8.040839938426095e-15,0.5200000000000004,-9.680186433669865e-15,0.5200000000000004,2.915399250679654e-05
0.5280000000000004,-0.5280000000000004,0.5280000000000004,-0.2,0.5280000000000004,-0.253895118075244,0.5280000000000004,-0.2420484851392138,0.5280000000000004,5.61087405141958,0.5280000000000004,3.412429979252012,0.5280000000000004,0.0001115884956428393,0.5280000000000004,-1.186853451376935e-13,0.5280000000000004,-1.988789885860508e-05,0.5280000000000004,-2.856260700648212e-14,0.5280000000000004,-8.506293508113399e-15,0.5280000000000004,-9.7937004612359e-15,0.5280000000000004,3.270059644338811e-05
0.5360000000000004,-0.5360000000000004,0.5360000000000004,-0.2,0.5360000000000004,-0.253895118075244,0.5360000000000004,-0.2484101551111369,0.5360000000000004,5.383915244318374,0.5360000000000004,3.073909198319442,0.5360000000000004,0.0001118878636502462,0.5360000000000004,-1.188950184950203e-13,0.5360000000000004,-2.078187686339963e-05,0.5360000000000004,-2.856432817417154e-14,0.5360000000000004,-9.007081181310637e-15,0.5360000000000004,-9.913476537131655e-15,0.5360000000000004,3.639920909551173e-05
0.5440000000000004,-0.5440000000000004,0.5440000000000004,-0.2,0.5440000000000004,-0.253895118075244,0.5440000000000004,-0.2547897837805289,0.5440000000000004,5.169634599298368,0.5440000000000004,2.785691610346905,0.5440000000000004,0.0001120660605452701,0.5440000000000004,-1.190739595013924e-13,0.5440000000000004,-2.16777527294931e-05,0.5440000000000004,-2.856197675150636e-14,0.5440000000000004,-9.544597417477196e-15,0.5440000000000004,-1.003956859172852e-14,0.5440000000000004,4.022916970745172e-05
0.5520000000000004,-0.5520000000000004,0.5520000000000004,-0.2,0.5520000000000004,-0.253895118075244,0.5520000000000004,-0.2611871890459846,0.5520000000000004,4.967506056150637,0.5520000000000004,2.53874384659058,0.5520000000000004,0.0001121395825398898,0.5520000000000004,-1.192222516912575e-13,0.5520000000000004,-2.257462422238773e-05,0.5520000000000004,-2.855570241150193e-14,0.5520000000000004,-1.012005396464151e-14,0.5520000000000004,-1.017197743774325e-14,0.5520000000000004,4.417128679228046e-05
0.5600000000000004,-0.5600000000000004,0.5600000000000004,-0.2,0.5600000000000004,-0.253895118075244,0.5600000000000004,-0.26760226549452,0.5600000000000004,4.776948657187553,0.5600000000000004,2.325813257310978,0.5600000000000004,0.0001121231732841595,0.5600000000000004,-1.193399292965465e-13,0.5600000000000004,-2.347171412771955e-05,0.5600000000000004,-2.854565756487653e-14,0.5600000000000004,-1.073443782635216e-14,0.5600000000000004,-1.031064482606949e-14,0.5600000000000004,4.820815812779069e-05
0.5680000000000004,-0.5680000000000004,0.5680000000000004,-0.2,0.5680000000000004,-0.253895118075244,0.5680000000000004,-0.2740349706705925,0.5680000000000004,4.597347522716625,0.5680000000000004,2.141066848316313,0.5680000000000004,0.0001120298013507862,0.5680000000000004,-1.194270157006046e-13,0.5680000000000004,-2.436835605691209e-05,0.5680000000000004,-2.853200165378355e-14,0.5680000000000004,-1.138846972043945e-14,0.5680000000000004,-1.04554483355772e-14,0.5680000000000004,5.232428937885987e-05
0.5760000000000004,-0.5760000000000004,0.5760000000000004,-0.2,0.5760000000000004,-0.253895118075244,0.5760000000000004,-0.280485313410492,0.5760000000000004,4.428072523793918,0.5760000000000004,1.97980028836401,0.5760000000000004,0.0001118707379153801,0.5760000000000004,-1.194835594384291e-13,0.5760000000000004,-2.5263980504922e-05,0.5760000000000004,-2.851490458067477e-14,0.5760000000000004,-1.208256476941187e-14,0.5760000000000004,-1.060619742909674e-14,0.5760000000000004,5.650607213913655e-05
0.5840000000000004,-0.5840000000000004,0.5840000000000004,-0.2,0.5840000000000004,-0.253895118075244,0.5840000000000004,-0.2869533439768291,0.5840000000000004,4.268493716107732,0.5840000000000004,1.838205742222655,0.5840000000000004,0.0001116556931090574,0.5840000000000004,-1.195096674667325e-13,0.5840000000000004,-2.615810178842135e-05,0.5840000000000004,-2.849454926218009e-14,0.5840000000000004,-1.281679732045145e-14,0.5840000000000004,-1.076263099477688e-14,0.5840000000000004,6.074167354849495e-05
0.5920000000000004,-0.5920000000000004,0.5920000000000004,-0.2,0.5920000000000004,-0.253895118075244,0.5920000000000004,-0.2934391457539985,0.5920000000000004,4.117993322401216,0.5920000000000004,1.713187892554452,0.5920000000000004,0.0001113929803158017,0.5920000000000004,-1.195055352058269e-13,0.5920000000000004,-2.705030620374324e-05,0.5920000000000004,-2.847113329047642e-14,0.5920000000000004,-1.359087183842392e-14,0.5920000000000004,-1.092441665324897e-14,0.5920000000000004,6.502087762814449e-05
0.6000000000000004,-0.6000000000000004,0.6000000000000004,-0.2,0.6000000000000004,-0.253895118075244,0.6000000000000004,-0.2999428282912612,0.6000000000000004,3.975974488278982,0.6000000000000004,1.60221875045089,0.6000000000000004,0.0001110896875540486,0.6000000000000004,-1.194714727126046e-13,0.6000000000000004,-2.794024153868533e-05,0.6000000000000004,-2.844486969046525e-14,0.6000000000000004,-1.440410172334233e-14,0.6000000000000004,-1.10911520455575e-14,0.6000000000000004,6.933490668660955e-05
0.6080000000000004,-0.6080000000000004,0.6080000000000004,-0.2,0.6080000000000004,-0.253895118075244,0.6080000000000004,-0.3064645215037873,0.6080000000000004,3.841867254756209,0.6080000000000004,1.503223305603761,0.6080000000000004,0.0001107518429713227,0.6080000000000004,-1.194079262884664e-13,0.6080000000000004,-2.882760793838609e-05,0.6080000000000004,-2.841598677859767e-14,0.6080000000000004,-1.525539766104675e-14,0.6080000000000004,-1.126236822661124e-14,0.6080000000000004,7.367624128661297e-05
0.6160000000000004,-0.6160000000000004,0.6160000000000004,-0.2,0.6160000000000004,-0.253895118075244,0.6160000000000004,-0.313004370865118,0.6160000000000004,3.715132263022616,0.6160000000000004,1.414489492400844,0.6160000000000004,0.0001103845672400322,0.6160000000000004,-1.193154948616681e-13,0.6160000000000004,-2.971215004612866e-05,0.6160000000000004,-2.838472715590179e-14,0.6160000000000004,-1.614326672476847e-14,0.6160000000000004,-1.143753517918686e-14,0.6160000000000004,7.803844979623998e-05
0.6240000000000004,-0.6240000000000004,0.6240000000000004,-0.2,0.6240000000000004,-0.253895118075244,0.6240000000000004,-0.3195625334447284,0.6240000000000004,3.595262692633647,0.6240000000000004,1.334597227543227,0.6240000000000004,0.0001099922095512564,0.6240000000000004,-1.191949406069771e-13,0.6240000000000004,-3.059365029896864e-05,0.6240000000000004,-2.835134590035305e-14,0.6240000000000004,-1.706582292579654e-14,0.6240000000000004,-1.161606934252437e-14,0.6240000000000004,8.241603330297178e-05
0.6320000000000005,-0.6320000000000005,0.6320000000000005,-0.2,0.6320000000000005,-0.253895118075244,0.6320000000000005,-0.3261391746634858,0.6320000000000005,3.481784876534474,0.6320000000000005,1.262362362864417,0.6320000000000005,0.000109578466380698,0.6320000000000005,-1.190471934652621e-13,0.6320000000000005,-3.147192324238801e-05,0.6320000000000005,-2.831610805822692e-14,0.6320000000000005,-1.802080930107927e-14,0.6320000000000005,-1.179734292778704e-14,0.6320000000000005,8.680428821725504e-05
0.6400000000000005,-0.6400000000000005,0.6400000000000005,-0.2,0.6400000000000005,-0.253895118075244,0.6400000000000005,-0.33273446565637,0.6400000000000005,3.374257962325636,0.6400000000000005,1.196792290857773,0.6400000000000005,0.0001091464836545194,0.6400000000000005,-1.188733494821447e-13,0.6400000000000005,-3.234681072794796e-05,0.6400000000000005,-2.827928556629407e-14,0.6400000000000005,-1.90056309756173e-14,0.6400000000000005,-1.198069468161658e-14,0.6400000000000005,9.119918676639473e-05
0.6480000000000005,-0.6480000000000005,0.6480000000000005,-0.2,0.6480000000000005,-0.253895118075244,0.6480000000000005,-0.3393485811470696,0.6480000000000005,3.272272914692801,0.6480000000000005,1.137050657765216,0.6480000000000005,0.0001086989437074528,0.6480000000000005,-1.186746631721594e-13,0.6480000000000005,-3.321817786636345e-05,0.6480000000000005,-2.824115376272748e-14,0.6480000000000005,-2.001739800712539e-14,0.6480000000000005,-1.216544166965471e-14,0.6480000000000005,9.559727437394215e-05
0.6560000000000005,-0.6560000000000005,0.6560000000000005,-0.2,0.6560000000000005,-0.253895118075244,0.6560000000000005,-0.3459816977523228,0.6560000000000005,3.175451086824371,0.6560000000000005,1.08242920578235,0.6560000000000005,0.0001082381387516156,0.6560000000000005,-1.184525344035547e-13,0.6560000000000005,-3.408590962109677e-05,0.6560000000000005,-2.82019876612188e-14,0.6560000000000005,-2.10529762688174e-14,0.6560000000000005,-1.235089159307538e-14,0.6560000000000005,9.999558231929274e-05
0.6640000000000005,-0.6640000000000005,0.6640000000000005,-0.2,0.6640000000000005,-0.253895118075244,0.6640000000000005,-0.3526339926452783,0.6640000000000005,3.083442532005208,0.6640000000000005,1.032325208918655,0.6640000000000005,0.0001077660326369919,0.6640000000000005,-1.182084905597204e-13,0.6640000000000005,-3.494990794169295e-05,0.6640000000000005,-2.81620581680544e-14,0.6640000000000005,-2.210904420426932e-14,0.6640000000000005,-1.253635512833818e-14,0.6640000000000005,0.000104391553849465
0.6720000000000005,-0.6720000000000005,0.6720000000000005,-0.2,0.6720000000000005,-0.253895118075244,0.6720000000000005,-0.3593056425179362,0.6720000000000005,2.995924180790381,0.6720000000000005,0.9862233109622458,0.6720000000000005,0.0001072843126000344,0.6720000000000005,-1.179441649410664e-13,0.6720000000000005,-3.581008935006458e-05,0.6720000000000005,-2.812162841520236e-14,0.6720000000000005,-2.318215303195749e-14,0.6720000000000005,-1.272115779486581e-14,0.6720000000000005,0.0001087829819144697
0.6800000000000005,-0.6800000000000005,0.6800000000000005,-0.2,0.6800000000000005,-0.253895118075244,0.6800000000000005,-0.3659968227910447,0.6800000000000005,2.912597973289217,0.6800000000000005,0.9436808399034774,0.6800000000000005,0.0001067944325394947,0.6800000000000005,-1.176612725079822e-13,0.6800000000000005,-3.666638290590331e-05,0.6800000000000005,-2.808095036466106e-14,0.6800000000000005,-2.426878790250725e-14,0.6800000000000005,-1.290465090429875e-14,0.6800000000000005,0.0001131679568172837
0.6880000000000005,-0.6880000000000005,0.6880000000000005,-0.2,0.6880000000000005,-0.253895118075244,0.6880000000000005,-0.3727077070281233,0.6880000000000005,2.833189008648355,0.6880000000000005,0.904315878341398,0.6880000000000005,0.0001062976491733546,0.6880000000000005,-1.17361584122322e-13,0.6880000000000005,-3.751872848897925e-05,0.6880000000000005,-2.804026181249071e-14,0.6880000000000005,-2.536542761444414e-14,0.6880000000000005,-1.308622122191745e-14,0.6880000000000005,0.0001175448222454245
0.6960000000000005,-0.6960000000000005,0.6960000000000005,-0.2,0.6960000000000005,-0.253895118075244,0.6960000000000005,-0.3794384665164644,0.6960000000000005,2.757443753247729,0.6960000000000005,0.8677975276274899,0.6960000000000005,0.0001057950522435861,0.6960000000000005,-1.170469004222206e-13,0.6960000000000005,-3.836707534616484e-05,0.6960000000000005,-2.799978388801577e-14,0.6960000000000005,-2.64686007512529e-14,0.6960000000000005,-1.326529906679034e-14,0.6960000000000005,0.0001219121383450168
0.7040000000000005,-0.7040000000000005,0.7040000000000005,-0.2,0.7040000000000005,-0.253895118075244,0.7040000000000005,-0.3861892699841228,0.7040000000000005,2.685128333967381,0.7040000000000005,0.8338379256137742,0.7040000000000005,0.0001052875897601355,0.7040000000000005,-1.167190263719215e-13,0.7040000000000005,-3.92113808596433e-05,0.7040000000000005,-2.795971910794782e-14,0.7040000000000005,-2.757493647689337e-14,0.7040000000000005,-1.344136468214633e-14,0.7040000000000005,0.0001262686506884837
0.7120000000000005,-0.7120000000000005,0.7120000000000005,-0.2,0.7120000000000005,-0.253895118075244,0.7120000000000005,-0.3929602834266872,0.7120000000000005,2.61602693191005,0.7120000000000005,0.8021856722619745,0.7120000000000005,0.0001047760891184018,0.7120000000000005,-1.163797473799388e-13,0.7120000000000005,-4.005160950005135e-05,0.7120000000000005,-2.792025000985632e-14,0.7120000000000005,-2.868120867406632e-14,0.7120000000000005,-1.361395281160811e-14,0.7120000000000005,0.0001306132641623453
0.7200000000000005,-0.7200000000000005,0.7200000000000005,-0.2,0.7200000000000005,-0.253895118075244,0.7200000000000005,-0.3997516700218886,0.7200000000000005,2.549940284163223,0.7200000000000005,0.7726203904966431,0.7200000000000005,0.0001042612747875661,0.7200000000000005,-1.160308076940776e-13,0.7200000000000005,-4.088773193441863e-05,0.7200000000000005,-2.788153835725708e-14,0.7200000000000005,-2.978437258376266e-14,0.7200000000000005,-1.378265551191793e-14,0.7200000000000005,0.0001349450209572473
0.7280000000000005,-0.7280000000000005,0.7280000000000005,-0.2,0.7280000000000005,-0.253895118075244,0.7280000000000005,-0.406563590113714,0.7280000000000005,2.486684295753549,0.7280000000000005,0.7449482064965478,0.7280000000000005,0.0001037437831500434,0.7280000000000005,-1.156738915801198e-13,0.7280000000000005,-4.171972426386307e-05,0.7280000000000005,-2.784372488162013e-14,0.7280000000000005,-3.088159356470115e-14,0.7280000000000005,-1.394712331249234e-14,0.7280000000000005,0.0001392630819771283
0.7360000000000005,-0.7360000000000005,0.7360000000000005,-0.2,0.7360000000000005,-0.253895118075244,0.7360000000000005,-0.4133962012507444,0.7360000000000005,2.426088760264857,0.7360000000000005,0.7189979778955649,0.7360000000000005,0.0001032241749734747,0.7360000000000005,-1.153106075902381e-13,0.7360000000000005,-4.254756737023795e-05,0.7360000000000005,-2.780692950601362e-14,0.7360000000000005,-3.197026800428147e-14,0.7360000000000005,-1.410706489292206e-14,0.7360000000000005,0.0001435667110992461
0.7440000000000005,-0.7440000000000005,0.7440000000000005,-0.2,0.7440000000000005,-0.253895118075244,0.7440000000000005,-0.4202496582662522,0.7440000000000005,2.367996185184888,0.7440000000000005,0.6946181329923462,0.7440000000000005,0.0001027029459139507,0.7440000000000005,-1.149424760419361e-13,0.7440000000000005,-4.337124635443681e-05,0.7440000000000005,-2.777125198128238e-14,0.7440000000000005,-3.304803675620462e-14,0.7440000000000005,-1.426224549018498e-14,0.7440000000000005,0.0001478552618134464
0.7520000000000006,-0.7520000000000006,0.7520000000000006,-0.2,0.7520000000000006,-0.253895118075244,0.7520000000000006,-0.4271241133895425,0.7520000000000006,2.312260716558522,0.7520000000000006,0.67167401124952,0.7520000000000006,0.0001021805353803508,0.7520000000000006,-1.145709196688603e-13,0.7520000000000006,-4.419075005196657e-05,0.7520000000000006,-2.773677285831611e-14,0.7520000000000006,-3.411279174220532e-14,0.7520000000000006,-1.441248426871578e-14,0.7520000000000006,0.0001521281658497752
0.7600000000000006,-0.7600000000000006,0.7600000000000006,-0.2,0.7600000000000006,-0.253895118075244,0.7600000000000006,-0.4340197163801041,0.7600000000000006,2.25874715669053,0.7600000000000006,0.6500456167808302,0.7600000000000006,0.00010165733403268,0.7600000000000006,-1.141972572770932e-13,0.7600000000000006,-4.500607061380552e-05,0.7600000000000006,-2.770355471829678e-14,0.7600000000000006,-3.516267653419982e-14,0.7600000000000006,-1.455765089092682e-14,0.7600000000000006,0.0001563849234706168
0.7680000000000006,-0.7680000000000006,0.7680000000000006,-0.2,0.7680000000000006,-0.253895118075244,0.7680000000000006,-0.4409366146775059,0.7680000000000006,2.207330068262845,0.7680000000000006,0.6296257134669161,0.7680000000000006,0.0001011336901401871,0.7680000000000006,-1.138227001464735e-13,0.7680000000000006,-4.581720314254753e-05,0.7680000000000006,-2.767164358573505e-14,0.7680000000000006,-3.619608183389783e-14,0.7680000000000006,-1.469766151656072e-14,0.7680000000000006,0.0001606250951590166
0.7760000000000006,-0.7760000000000006,0.7760000000000006,-0.2,0.7760000000000006,-0.253895118075244,0.7760000000000006,-0.4478749535616706,0.7760000000000006,2.157892958165889,0.7760000000000006,0.6103182037954026,0.7760000000000006,0.0001006099149862001,0.7760000000000006,-1.134483508549012e-13,0.7760000000000006,-4.662414537548581e-05,0.7760000000000006,-2.764107045540269e-14,0.7760000000000006,-3.721163680001529e-14,0.7760000000000006,-1.48324744399894e-14,0.7760000000000006,0.000164848294480706
0.7840000000000006,-0.7840000000000006,0.7840000000000006,-0.2,0.7840000000000006,-0.253895118075244,0.7840000000000006,-0.4548348763187836,0.7840000000000006,2.110327534487124,0.7840000000000006,0.5920367442493222,0.7840000000000006,0.0001000862874745871,0.7840000000000006,-1.130752041709769e-13,0.7840000000000006,-4.742689740764497e-05,0.7840000000000006,-2.761185287275748e-14,0.7840000000000006,-3.820819715188785e-14,0.7840000000000006,-1.4962085548785e-14,0.7840000000000006,0.0001690541819350965
0.7920000000000006,-0.7920000000000006,0.7920000000000006,-0.2,0.7920000000000006,-0.253895118075244,0.7920000000000006,-0.4618165244094211,0.7920000000000006,2.064533030376509,0.7920000000000006,0.5747035586557531,0.7920000000000006,9.956305806635893e-05,0.7920000000000006,-1.127041496519241e-13,0.7920000000000006,-4.822546144890806e-05,0.7920000000000006,-2.758399651709319e-14,0.7920000000000006,-3.918483091661008e-14,0.7920000000000006,-1.508652375771468e-14,0.7920000000000006,0.000173242459641697
0.8,-0.8,0.8,-0.2,0.8,-0.253895118075244,0.8,-0.4688200376360668,0.8,2.020415588865926,0.8,0.5582484178085412,0.8,9.904045215316465e-05,0.8,-1.123359755942048e-13,0.8,-4.901984161031752e-05,0.8,-2.755749674656705e-14,0.8,-4.014080259818741e-14,0.8,-1.520584654232378e-14,0.8,0.0001774128667340566
