NM1:cdb X,NM1:cdb Y,NM1:cgd X,NM1:cgd Y,NM1:csb X,NM1:csb Y,NM1:id X,NM1:id Y,NM1:cgs X,NM1:cgs Y,NM1:gm X,NM1:gm Y,NM1:gds X,NM1:gds Y,NM1:self_gain X,NM1:self_gain Y,NM1:gmoverid X,NM1:gmoverid Y,NM1:vdsat X,NM1:vdsat Y,NM1:vth X,NM1:vth Y,NM1:vds X,NM1:vds Y,NM1:vgs X,NM1:vgs Y,NM1:cgd X,NM1:cgd Y
0,-1.055450594781714e-15,0,-3.977920430507878e-16,0,-1.321596416529473e-15,0,3.252659553301769e-12,0,-6.309662646095671e-16,0,8.963034119825073e-11,0,1.10331964971043e-12,0,81.23696629691541,0,27.5560793442472,0,0.04779469271214581,0,0.5207519285322714,0,0.7,0,0,0,-3.977920430507878e-16
0.008,-1.055451698853987e-15,0.008,-3.988136148719222e-16,0.008,-1.322556752829055e-15,0.008,4.054822116481785e-12,0.008,-6.361744947907807e-16,0.008,1.117190115125597e-10,0.008,1.375312432183768e-12,0.008,81.23173244000165,0.008,27.55218646017877,0.008,0.04779471479784202,0.008,0.5207519285322714,0.008,0.7,0.008,0.008,0.008,-3.988136148719222e-16
0.016,-1.05545287256628e-15,0.016,-3.998499453155203e-16,0.016,-1.323576240290126e-15,0.016,5.054627940282075e-12,0.016,-6.414476193857178e-16,0.016,1.392405881334655e-10,0.016,1.714279636746289e-12,0.016,81.22396436893156,0.016,27.5471890800309,0.016,0.04779474232516129,0.016,0.5207519285322714,0.016,0.7,0.016,0.016,0.016,-3.998499453155203e-16
0.024,-1.055454120089474e-15,0.024,-4.009013494316326e-16,0.024,-1.324658227433595e-15,0.024,6.30069524539786e-12,0.024,-6.468122925653476e-16,0.024,1.735318901761882e-10,0.024,2.136680131287205e-12,0.024,81.21566145310064,0.024,27.54173735499492,0.024,0.04779477663267211,0.024,0.5207519285322714,0.024,0.7,0.024,0.024,0.024,-4.009013494316326e-16
0.032,-1.055455445826989e-15,0.032,-4.019681502595731e-16,0.032,-1.325806223388619e-15,0.032,7.853585464273999e-12,0.032,-6.522775153549707e-16,0.032,2.162543926032946e-10,0.032,2.663009657049813e-12,0.032,81.20676244293826,0.032,27.53577929080365,0.032,0.04779481938775603,0.032,0.5207519285322714,0.032,0.7,0.032,0.032,0.032,-4.019681502595731e-16
0.04,-1.055456854414332e-15,0.04,-4.030506791955338e-16,0.04,-1.327023892027043e-15,0.04,9.788718320283093e-12,0.04,-6.578534378513671e-16,0.04,2.694759397154864e-10,0.04,3.318783680663555e-12,0.04,81.19719922860642,0.04,27.52925707253747,0.04,0.04779487266686226,0.04,0.5207519285322714,0.04,0.7,0.04,0.04,0.04,-4.030506791955338e-16
0.048,-1.055458350727326e-15,0.048,-4.041492762717739e-16,0.048,-1.328315053026285e-15,0.048,1.220000397346841e-11,0.048,-6.635513590492686e-16,0.048,3.35769604696187e-10,0.048,4.135761074653535e-12,0.048,81.18689610818861,0.048,27.52210644421273,0.048,0.04779493905549559,0.048,0.5207519285322714,0.048,0.7,0.048,0.048,0.048,-4.041492762717739e-16
0.056,-1.055459939890085e-15,0.056,-4.05264290453722e-16,0.056,-1.329683682008116e-15,0.056,1.520435803457923e-11,0.056,-6.693837153075737e-16,0.056,4.183363965112373e-10,0.056,5.153463918259998e-12,0.056,81.17576898694641,0.056,27.51425602996589,0.056,0.04779502177250715,0.056,0.5207519285322714,0.056,0.7,0.056,0.056,0.056,-4.05264290453722e-16
0.064,-1.055461627282632e-15,0.064,-4.063960799568136e-16,0.064,-1.331133909604579e-15,0.064,1.8947312133354e-11,0.064,-6.75364058213665e-16,0.064,5.211574893279943e-10,0.064,6.421064244101923e-12,0.064,81.16372450356718,0.064,27.50562659335085,0.064,0.04779512482453795,0.064,0.5207519285322714,0.064,0.7,0.064,0.064,0.064,-4.063960799568136e-16
0.07200000000000001,-1.055463418548055e-15,0.07200000000000001,-4.07545012585018e-16,0.07200000000000001,-1.332670019288974e-15,0.07200000000000001,2.360998323358273e-11,0.07200000000000001,-6.815070227185778e-16,0.07200000000000001,6.491829706656615e-10,0.07200000000000001,7.99972517818024e-12,0.07200000000000001,81.15065907968307,0.07200000000000001,27.49613023154679,0.07200000000000001,0.04779525319785137,0.07200000000000001,0.5207519285322714,0.07200000000000001,0.7,0.07200000000000001,0.07200000000000001,0.07200000000000001,-4.07545012585018e-16
0.08000000000000002,-1.055465319599067e-15,0.08000000000000002,-4.087114660931388e-16,0.08000000000000002,-1.3342964437967e-15,0.08000000000000002,2.94177271094501e-11,0.08000000000000002,-6.878282864499393e-16,0.08000000000000002,8.08565721816081e-10,0.08000000000000002,9.965504322540555e-12,0.08000000000000002,81.13645788976481,0.08000000000000002,27.48566950193239,0.08000000000000002,0.04779541309651276,0.08000000000000002,0.5207519285322714,0.08000000000000002,0.7,0.08000000000000002,0.08000000000000002,0.08000000000000002,-4.087114660931388e-16
0.08800000000000002,-1.055467336623866e-15,0.08800000000000002,-4.098958285750801e-16,0.08800000000000002,-1.336017759947805e-15,0.08800000000000002,3.665087794726543e-11,0.08800000000000002,-6.943445210685221e-16,0.08800000000000002,1.006951019878985e-09,0.08800000000000002,1.241295222528229e-11,0.08800000000000002,81.12099374942092,0.08800000000000002,27.47413647921173,0.08800000000000002,0.04779561223796128,0.08800000000000002,0.5207519285322714,0.08800000000000002,0.7,0.08800000000000002,0.08800000000000002,0.08800000000000002,-4.098958285750801e-16
0.09600000000000003,-1.055469476091117e-15,0.09600000000000003,-4.110984988803583e-16,0.09600000000000003,-1.337838681670999e-15,0.09600000000000003,4.565807006768205e-11,0.09600000000000003,-7.010733364276481e-16,0.09600000000000003,1.253834858665766e-09,0.09600000000000003,1.545956934269523e-11,0.09600000000000003,81.1041259217362,0.09600000000000003,27.4614117425518,0.09600000000000003,0.04779586021960817,0.09600000000000003,0.5207519285322714,0.09600000000000003,0.7,0.09600000000000003,0.09600000000000003,0.09600000000000003,-4.110984988803583e-16
0.104,-1.055471744753918e-15,0.104,-4.123198870611927e-16,0.104,-1.339764051017841e-15,0.104,5.687275307042714e-11,0.104,-7.080332181355004e-16,0.104,1.561006912307781e-09,0.104,1.92513221761347e-11,0.104,81.08569884321581,0.104,27.44736329370426,0.104,0.04779616897325898,0.104,0.5207519285322714,0.104,0.7,0.104,0.104,0.104,-4.123198870611927e-16
0.112,-1.055474149652573e-15,0.112,-4.135604148525113e-16,0.112,-1.341798826946552e-15,0.112,7.083365282878239e-11,0.112,-7.152434589236391e-16,0.112,1.943097611560379e-09,0.112,2.396946462102851e-11,0.112,81.06554077372638,0.112,27.43184540929922,0.112,0.04779655332802322,0.112,0.5207519285322714,0.112,0.7,0.112,0.112,0.112,-4.135604148525113e-16
0.1200000000000001,-1.055476698115989e-15,0.1200000000000001,-4.148205161871559e-16,0.1200000000000001,-1.343948071647931e-15,0.1200000000000001,8.821010311709354e-11,0.1200000000000001,-7.227240840062134e-16,0.1200000000000001,2.418253085019686e-09,0.1200000000000001,2.983896558775685e-11,0.1200000000000001,81.043462378331,0.1200000000000001,27.4146974332146,0.1200000000000001,0.0477970317070744,0.1200000000000001,0.5207519285322714,0.1200000000000001,0.7,0.1200000000000001,0.1200000000000001,0.1200000000000001,-4.148205161871559e-16
0.1280000000000001,-1.055479397761497e-15,0.1280000000000001,-4.161006377484391e-16,0.1280000000000001,-1.346216934181967e-15,0.1280000000000001,1.098333826496965e-10,0.1280000000000001,-7.304957703887778e-16,0.1280000000000001,3.008966868668315e-09,0.1280000000000001,3.71389104879728e-11,0.1280000000000001,81.0192552536712,0.1280000000000001,27.39574251858589,0.1280000000000001,0.04779762698939784,0.1280000000000001,0.5207519285322714,0.1280000000000001,0.7,0.1280000000000001,0.1280000000000001,0.1280000000000001,-4.161006377484391e-16
0.1360000000000001,-1.055482256492905e-15,0.1360000000000001,-4.17401239561975e-16,0.1360000000000001,-1.348610631193698e-15,0.1360000000000001,1.367354474837627e-10,0.1360000000000001,-7.385797598672078e-16,0.1360000000000001,3.743103456891957e-09,0.1360000000000001,4.621532434099213e-11,0.1360000000000001,80.99269041744871,0.1360000000000001,27.37478633351279,0.1360000000000001,0.04779836757456766,0.1360000000000001,0.5207519285322714,0.1360000000000001,0.7,0.1360000000000001,0.1360000000000001,0.1360000000000001,-4.17401239561975e-16
0.1440000000000001,-1.05548528249656e-15,0.1440000000000001,-4.187227956283587e-16,0.1440000000000001,-1.351134424481685e-15,0.1440000000000001,1.701967578905053e-10,0.1440000000000001,-7.469977652583866e-16,0.1440000000000001,4.655156121738913e-09,0.1440000000000001,5.749696043929251e-11,0.1440000000000001,80.96351678718747,0.1440000000000001,27.35161575025969,0.1440000000000001,0.04779928869704368,0.1440000000000001,0.5207519285322714,0.1440000000000001,0.7,0.1440000000000001,0.1440000000000001,0.1440000000000001,-4.187227956283587e-16
0.1520000000000001,-1.055488484235205e-15,0.1520000000000001,-4.200657945977756e-16,0.1520000000000001,-1.353793595202993e-15,0.1520000000000001,2.118052721090368e-10,0.1520000000000001,-7.557718692355197e-16,0.1520000000000001,5.787790143790392e-09,0.1520000000000001,7.151471339321143e-11,0.1520000000000001,80.93145968392849,0.1520000000000001,27.3259975447816,0.1520000000000001,0.04780043404656324,0.1520000000000001,0.5207519285322714,0.1520000000000001,0.7,0.1520000000000001,0.1520000000000001,0.1520000000000001,-4.200657945977756e-16
0.1600000000000001,-1.055491870439426e-15,0.1600000000000001,-4.214307404869566e-16,0.1600000000000001,-1.356593414516025e-15,0.1600000000000001,2.635291285182085e-10,0.1600000000000001,-7.649244150107571e-16,0.1600000000000001,7.19373286618926e-09,0.1600000000000001,8.89254518790246e-11,0.1600000000000001,80.89621940831645,0.1600000000000001,27.29767714203927,0.1600000000000001,0.04780185776332769,0.1600000000000001,0.5207519285322714,0.1600000000000001,0.7,0.1600000000000001,0.1600000000000001,0.1600000000000001,-4.214307404869566e-16
0.1680000000000001,-1.055495450096452e-15,0.1680000000000001,-4.228181534380247e-16,0.1680000000000001,-1.359539110487941e-15,0.1680000000000001,3.278060758741755e-10,0.1680000000000001,-7.744778880231456e-16,0.1680000000000001,8.938083994770456e-09,0.1680000000000001,1.105412276711616e-10,0.1680000000000001,80.85746995102582,0.1680000000000001,27.26637745297259,0.1680000000000001,0.04780362689110607,0.1680000000000001,0.5207519285322714,0.1680000000000001,0.7,0.1680000000000001,0.1680000000000001,0.1680000000000001,-4.228181534380247e-16
0.1760000000000001,-1.055499232436121e-15,0.1760000000000001,-4.242285705176735e-16,0.1760000000000001,-1.362635831127863e-15,0.1760000000000001,4.076533530591956e-10,0.1760000000000001,-7.844547877561399e-16,0.1760000000000001,1.110113350689981e-08,0.1760000000000001,1.373650067947175e-10,0.1760000000000001,80.81485791712355,0.1760000000000001,27.23179786141727,0.1760000000000001,0.04780582438847739,0.1760000000000001,0.5207519285322714,0.1760000000000001,0.7,0.1760000000000001,0.1760000000000001,0.1760000000000001,-4.242285705176735e-16
0.1840000000000001,-1.055503226913807e-15,0.1840000000000001,-4.256625465537401e-16,0.1840000000000001,-1.36588860345169e-15,0.1840000000000001,5.068024813765399e-10,0.1840000000000001,-7.948774888301645e-16,0.1840000000000001,1.378179056499796e-08,0.1840000000000001,1.706342891218933e-10,0.1840000000000001,80.76800176518378,0.1840000000000001,27.19361343381746,0.1840000000000001,0.04780855281847966,0.1840000000000001,0.5207519285322714,0.1840000000000001,0.7,0.1840000000000001,0.1840000000000001,0.1840000000000001,-4.256625465537401e-16
0.1920000000000001,-1.055507443190151e-15,0.1920000000000001,-4.27120655004552e-16,0.1920000000000001,-1.369302288540169e-15,0.1920000000000001,6.298643311037537e-10,0.1920000000000001,-8.057680905950599e-16,0.1920000000000001,1.71017450869807e-08,0.1920000000000001,2.118742374932402e-10,0.1920000000000001,80.71649148720275,0.1920000000000001,27.15147444141829,0.1920000000000001,0.04781193886036441,0.1920000000000001,0.5207519285322714,0.1920000000000001,0.7,0.1920000000000001,0.1920000000000001,0.1920000000000001,-4.27120655004552e-16
0.2000000000000001,-1.055511891107428e-15,0.2000000000000001,-4.286034888544002e-16,0.2000000000000001,-1.372881532619596e-15,0.2000000000000001,7.82530877902364e-10,0.2000000000000001,-8.171482545869323e-16,0.2000000000000001,2.121050417815597e-08,0.2000000000000001,2.629622290754668e-10,0.2000000000000001,80.65988888491216,0.2000000000000001,27.10500630366572,0.2000000000000001,0.0478161388141075,0.2000000000000001,0.5207519285322714,0.2000000000000001,0.7,0.2000000000000001,0.2000000000000001,0.2000000000000001,-4.286034888544002e-16
0.2080000000000001,-1.05551658066247e-15,0.2080000000000001,-4.301116615260956e-16,0.2080000000000001,-1.376630714274888e-15,0.2080000000000001,9.71821292185479e-10,0.2080000000000001,-8.290390294152367e-16,0.2080000000000001,2.629146847315994e-08,0.2080000000000001,3.262060720489828e-10,0.2080000000000001,80.59772863213912,0.2080000000000001,27.05381008256872,0.2080000000000001,0.04782134529906021,0.2080000000000001,0.5207519285322714,0.2080000000000001,0.7,0.2080000000000001,0.2080000000000001,0.2080000000000001,-4.301116615260956e-16
0.2160000000000001,-1.055521521976077e-15,0.2160000000000001,-4.316458077987582e-16,0.2160000000000001,-1.380553887997856e-15,0.2160000000000001,1.206381423663533e-09,0.2160000000000001,-8.41460662909273e-16,0.2160000000000001,3.256923847046735e-08,0.2160000000000001,4.044385006691593e-10,0.2160000000000001,80.52952035125308,0.2160000000000001,26.99746368024103,0.2160000000000001,0.04782779538262517,0.2160000000000001,0.5207519285322714,0.2160000000000001,0.7,0.2160000000000001,0.2160000000000001,0.2160000000000001,-4.316458077987582e-16
0.2240000000000001,-1.055526725258903e-15,0.2240000000000001,-4.332065847157629e-16,0.2240000000000001,-1.384654724379288e-15,0.2240000000000001,1.496847370764921e-09,0.2240000000000001,-8.544324016778824e-16,0.2240000000000001,4.031836795306963e-08,0.2240000000000001,5.01130970687194e-10,0.2240000000000001,80.45475197388339,0.2240000000000001,26.93552391478294,0.2240000000000001,0.04783578041277448,0.2240000000000001,0.5207519285322714,0.2240000000000001,0.7,0.2240000000000001,0.2240000000000001,0.2240000000000001,-4.332065847157629e-16
0.2320000000000002,-1.0555322007739e-15,0.2320000000000002,-4.347946724640949e-16,0.2320000000000002,-1.388936447370981e-15,0.2320000000000002,1.856285675059458e-09,0.2320000000000002,-8.679722786199332e-16,0.2320000000000002,4.987381025503655e-08,0.2320000000000002,6.205302227921415e-10,0.2320000000000002,80.37289470063853,0.2320000000000002,26.86752967152306,0.2320000000000002,0.04784565786900553,0.2320000000000002,0.5207519285322714,0.2320000000000002,0.7,0.2320000000000002,0.2320000000000002,0.2320000000000002,-4.347946724640949e-16
0.2400000000000002,-1.055537958795445e-15,0.2400000000000002,-4.364107752022525e-16,0.2400000000000002,-1.393401769171954e-15,0.2400000000000002,2.300724765861552e-09,0.2400000000000002,-8.820968893621437e-16,0.2400000000000002,6.164333305217153e-08,0.2400000000000002,7.6782156007373e-10,0.2400000000000002,80.28340991916434,0.2400000000000002,26.79300634510455,0.2400000000000002,0.04785786558871417,0.2400000000000002,0.5207519285322714,0.2400000000000002,0.7,0.2400000000000002,0.2400000000000002,0.2400000000000002,-4.364107752022525e-16
0.2480000000000002,-1.05554400956539e-15,0.2480000000000002,-4.380556218092924e-16,0.2480000000000002,-1.398052823429316e-15,0.2480000000000002,2.849794608200928e-09,0.2480000000000002,-8.968211590889562e-16,0.2480000000000002,7.612220811438325e-08,0.2480000000000002,9.493232907777689e-10,0.2480000000000002,80.18575848067233,0.2480000000000002,26.71147179962316,0.2480000000000002,0.04787293876799712,0.2480000000000002,0.5207519285322714,0.2480000000000002,0.7,0.2480000000000002,0.2480000000000002,0.2480000000000002,-4.380556218092924e-16
0.2560000000000002,-1.055550363246346e-15,0.2560000000000002,-4.397299665226569e-16,0.2560000000000002,-1.402891097585928e-15,0.2560000000000002,3.52749408375432e-09,0.2560000000000002,-9.121581017577528e-16,0.2560000000000002,9.39105137711248e-08,0.2560000000000002,1.172717313066027e-09,0.2560000000000002,80.07941276623534,0.2560000000000002,26.62244407446661,0.2560000000000002,0.04789153017463618,0.2560000000000002,0.5207519285322714,0.2560000000000002,0.7,0.2560000000000002,0.2560000000000002,0.2560000000000002,-4.397299665226569e-16
0.2640000000000002,-1.055557029872643e-15,0.2640000000000002,-4.414345894271208e-16,0.2640000000000002,-1.407917365349932e-15,0.2640000000000002,4.363108463461511e-09,0.2640000000000002,-9.281185742501943e-16,0.2640000000000002,1.157334197628587e-07,0.2640000000000002,1.447321357592141e-09,0.2640000000000002,79.96387198721393,0.2640000000000002,26.52545104665138,0.2640000000000002,0.04791443404236014,0.2640000000000002,0.5207519285322714,0.2640000000000002,0.7,0.2640000000000002,0.2640000000000002,0.2640000000000002,-4.414345894271208e-16
0.2720000000000002,-1.055564019299484e-15,0.2720000000000002,-4.431702967516014e-16,0.2720000000000002,-1.413131620400832e-15,0.2720000000000002,5.392302419518644e-09,0.2720000000000002,-9.447110285819331e-16,0.2720000000000002,1.424648573844894e-07,0.2720000000000002,1.784408952366969e-09,0.2720000000000002,79.8386811473422,0.2720000000000002,26.42004221869074,0.2720000000000002,0.04794261413371186,0.2720000000000002,0.5207519285322714,0.2720000000000002,0.7,0.2720000000000002,0.2720000000000002,0.2720000000000002,-4.431702967516014e-16
0.2800000000000002,-1.055571341150944e-15,0.2800000000000002,-4.449379209247916e-16,0.2800000000000002,-1.418533012577392e-15,0.2800000000000002,6.658417389908582e-09,0.2800000000000002,-9.619412658603116e-16,0.2800000000000002,1.751550141263842e-07,0.2800000000000002,2.197583734038985e-09,0.2800000000000002,79.70345403151629,0.2800000000000002,26.30580272515579,0.2800000000000002,0.04797723645654164,0.2800000000000002,0.5207519285322714,0.2800000000000002,0.7,0.2800000000000002,0.2800000000000002,0.2800000000000002,-4.449379209247916e-16
0.2880000000000002,-1.055579004767568e-15,0.2880000000000002,-4.467383203347283e-16,0.2880000000000002,-1.424119787907672e-15,0.2880000000000002,8.21400578700943e-09,0.2880000000000002,-9.798121962213098e-16,0.2880000000000002,2.150621346480619e-07,0.2880000000000002,2.703215311241513e-09,0.2880000000000002,79.55790045791423,0.2880000000000002,26.1823695305367,0.2880000000000002,0.04801970708692971,0.2880000000000002,0.5207519285322714,0.2880000000000002,0.7,0.2880000000000002,0.2880000000000002,0.2880000000000002,-4.467383203347283e-16
0.2960000000000002,-1.055587019154429e-15,0.2960000000000002,-4.485723787316196e-16,0.2960000000000002,-1.429889233934314e-15,0.2960000000000002,1.012263860311401e-08,0.2960000000000002,-9.983236094688112e-16,0.2960000000000002,2.636891640659198e-07,0.2960000000000002,3.320944513586007e-09,0.2960000000000002,79.40185781098288,0.2960000000000002,26.04944961457043,0.2960000000000002,0.04807171547783713,0.2960000000000002,0.5207519285322714,0.2960000000000002,0.7,0.2960000000000002,0.2960000000000002,0.2960000000000002,-4.485723787316196e-16
0.3040000000000002,-1.05559539293059e-15,0.3040000000000002,-4.50441004207718e-16,0.3040000000000002,-1.4358376318512e-15,0.3040000000000002,1.246102752982559e-08,0.3040000000000002,-1.017471961554234e-15,0.3040000000000002,3.228258425005639e-07,0.3040000000000002,4.074266575522331e-09,0.3040000000000002,79.23532653461115,0.3040000000000002,25.90683969834974,0.3040000000000002,0.0481352835046684,0.3040000000000002,0.5207519285322714,0.3040000000000002,0.7,0.3040000000000002,0.3040000000000002,0.3040000000000002,-4.50441004207718e-16
0.3120000000000002,-1.055604134281014e-15,0.3120000000000002,-4.523451276829078e-16,0.3120000000000002,-1.441960216993862e-15,0.3120000000000002,1.532150796121573e-08,0.3120000000000002,-1.037250182345026e-15,0.3120000000000002,3.945969606906325e-07,0.3120000000000002,4.99120166559264e-09,0.3120000000000002,79.05850877772122,0.3120000000000002,25.75444674765208,0.3120000000000002,0.048212820301728,0.3120000000000002,0.5207519285322714,0.3120000000000002,0.7,0.3120000000000002,0.3120000000000002,0.3120000000000002,-4.523451276829078e-16
0.3200000000000002,-1.055613250912019e-15,0.3200000000000002,-4.542857008201792e-16,0.3200000000000002,-1.448251149208575e-15,0.3200000000000002,1.881493545410226e-08,0.3200000000000002,-1.057647510308271e-15,0.3200000000000002,4.815176247900809e-07,0.3200000000000002,6.105063246163116e-09,0.3200000000000002,78.87184872207558,0.3200000000000002,25.59230809766729,0.3200000000000002,0.04830718266227627,0.3200000000000002,0.5207519285322714,0.3200000000000002,0.7,0.3200000000000002,0.3200000000000002,0.3200000000000002,-4.542857008201792e-16
0.3280000000000002,-1.05562275001141e-15,0.3280000000000002,-4.562636932915034e-16,0.3280000000000002,-1.454703494558255e-15,0.3280000000000002,2.307405570406665e-08,0.3280000000000002,-1.078649359754253e-15,0.3280000000000002,5.865565614117617e-07,0.3280000000000002,7.455336095155498e-09,0.3280000000000002,78.67607226894948,0.3280000000000002,25.42060958516905,0.3280000000000002,0.04842174039609211,0.3280000000000002,0.5207519285322714,0.3280000000000002,0.7,0.3280000000000002,0.3280000000000002,0.3280000000000002,-4.562636932915034e-16
0.3360000000000002,-1.055632638214431e-15,0.3360000000000002,-4.582800893120054e-16,0.3360000000000002,-1.461309219702638e-15,0.3360000000000002,2.825741722639901e-08,0.3360000000000002,-1.100237226121303e-15,0.3360000000000002,7.132087214110008e-07,0.3360000000000002,9.08867745356948e-09,0.3360000000000002,78.47222272486916,0.3360000000000002,25.23969957633358,0.3360000000000002,0.04856044555214393,0.3360000000000002,0.5207519285322714,0.3360000000000002,0.7,0.3360000000000002,0.3360000000000002,0.3360000000000002,-4.582800893120054e-16
0.3440000000000003,-1.055642921576675e-15,0.3440000000000003,-4.603358833589653e-16,0.3440000000000003,-1.46805920011341e-15,0.3440000000000003,3.455390701565145e-08,0.3440000000000003,-1.122388634419778e-15,0.3440000000000003,8.655786977576901e-07,0.3440000000000003,1.106005659215994e-08,0.3440000000000003,78.26168795295914,0.3440000000000003,25.05009629014289,0.3440000000000003,0.04872790381726775,0.3440000000000003,0.5207519285322714,0.3440000000000003,0.7,0.3440000000000003,0.3440000000000003,0.3440000000000003,-4.603358833589653e-16
0.3520000000000003,-1.055653605554992e-15,0.3520000000000003,-4.62432074992247e-16,0.3520000000000003,-1.474943243051865e-15,0.3520000000000003,4.218800259119378e-08,0.3520000000000003,-1.145077135379134e-15,0.3520000000000003,1.048476718984905e-06,0.3520000000000003,1.343404984476239e-08,0.3520000000000003,78.04621324921472,0.3520000000000003,24.85248541696366,0.3520000000000003,0.04892944570222221,0.3520000000000003,0.5207519285322714,0.3520000000000003,0.7,0.3520000000000003,0.3520000000000003,0.3520000000000003,-4.62432074992247e-16
0.3600000000000003,-1.055664694997389e-15,0.3600000000000003,-4.645696626944542e-16,0.3600000000000003,-1.481950125950164e-15,0.3600000000000003,5.142584865366337e-08,0.3600000000000003,-1.168272353056433e-15,0.3600000000000003,1.26752913807089e-06,0.3600000000000003,1.628630927677248e-08,0.3600000000000003,77.82789314204169,0.3600000000000003,24.64770483010099,0.3600000000000003,0.04917119434679613,0.3600000000000003,0.5207519285322714,0.3600000000000003,0.7,0.3600000000000003,0.3600000000000003,0.3600000000000003,-4.645696626944542e-16
0.3680000000000003,-1.055676194142745e-15,0.3680000000000003,-4.66749636652569e-16,0.3680000000000003,-1.489067650503053e-15,0.3680000000000003,6.258228191081425e-08,0.3680000000000003,-1.191940086676122e-15,0.3680000000000003,1.529305282108759e-06,0.3680000000000003,1.970522269940631e-08,0.3680000000000003,77.60913466635601,0.3680000000000003,24.43671332516539,0.3680000000000003,0.0494601259570366,0.3680000000000003,0.5207519285322714,0.3680000000000003,0.7,0.3680000000000003,0.3680000000000003,0.3680000000000003,-4.66749636652569e-16
0.3760000000000003,-1.055688106631005e-15,0.3760000000000003,-4.68972970408203e-16,0.3760000000000003,-1.496282712403782e-15,0.3760000000000003,7.60289410968416e-08,0.3760000000000003,-1.216042468299948e-15,0.3760000000000003,1.841462081437249e-06,0.3760000000000003,2.379377929630337e-08,0.3760000000000003,77.39258478048252,0.3760000000000003,24.22054095519479,0.3760000000000003,0.04980411809343799,0.3760000000000003,0.5207519285322714,0.3760000000000003,0.7,0.3760000000000003,0.3760000000000003,0.3760000000000003,-4.68972970408203e-16
0.3840000000000003,-1.055700435524345e-15,0.3840000000000003,-4.712406113109877e-16,0.3840000000000003,-1.503581386257692e-15,0.3840000000000003,9.220360678284139e-08,0.3840000000000003,-1.240538176604191e-15,0.3840000000000003,2.212906829516593e-06,0.3840000000000003,2.867164683601678e-08,0.3840000000000003,77.1810158716374,0.3840000000000003,24.00021980599648,0.3840000000000003,0.05021198034457171,0.3840000000000003,0.5207519285322714,0.3840000000000003,0.7,0.3840000000000003,0.3840000000000003,0.3840000000000003,-4.712406113109877e-16
0.3920000000000003,-1.055713183339519e-15,0.3920000000000003,-4.735534697191537e-16,0.3920000000000003,-1.51094902479366e-15,0.3920000000000003,1.116209112787595e-07,0.3920000000000003,-1.265382705611518e-15,0.3920000000000003,2.653976482386892e-06,0.3920000000000003,3.447745113103827e-08,0.3920000000000003,76.9771660990813,0.3920000000000003,23.77669607027781,0.3920000000000003,0.05069346145146462,0.3920000000000003,0.5207519285322714,0.3920000000000003,0.7,0.3920000000000003,0.3920000000000003,0.3920000000000003,-4.735534697191537e-16
0.4000000000000003,-1.055726352091415e-15,0.4000000000000003,-4.759124069031232e-16,0.4000000000000003,-1.518370371083459e-15,0.4000000000000003,1.348845347941398e-07,0.4000000000000003,-1.290528685738687e-15,0.4000000000000003,3.176628857185469e-06,0.4000000000000003,4.137122394139311e-08,0.4000000000000003,76.78353586264484,0.4000000000000003,23.55072701409079,0.4000000000000003,0.05125922681175896,0.4000000000000003,0.5207519285322714,0.4000000000000003,0.7,0.4000000000000003,0.4000000000000003,0.4000000000000003,-4.759124069031232e-16
0.4080000000000003,-1.055739943347537e-15,0.4080000000000003,-4.783182216220744e-16,0.4080000000000003,-1.525829682089198e-15,0.4080000000000003,1.627009505698071e-07,0.4080000000000003,-1.315926253037754e-15,0.4080000000000003,3.794636799149363e-06,0.4080000000000003,4.953695040329686e-08,0.4080000000000003,76.60214785641745,0.4080000000000003,23.32276969515021,0.4080000000000003,0.05192080060687271,0.4080000000000003,0.5207519285322714,0.4080000000000003,0.7,0.4080000000000003,0.4080000000000003,0.4080000000000003,-4.783182216220744e-16
0.4160000000000003,-1.055753958292912e-15,0.4160000000000003,-4.80771635360117e-16,0.4160000000000003,-1.533310861506651e-15,0.4160000000000003,1.958946890712576e-07,0.4160000000000003,-1.34152346109006e-15,0.4160000000000003,4.523770917346865e-06,0.4160000000000003,5.918510120022159e-08,0.4160000000000003,76.43428541320003,0.4160000000000003,23.09287168000705,0.4160000000000003,0.05269046766040176,0.4160000000000003,0.5207519285322714,0.4160000000000003,0.7,0.4160000000000003,0.4160000000000003,0.4160000000000003,-4.80771635360117e-16
0.4240000000000003,-1.055768397804641e-15,0.4240000000000003,-4.83273276228126e-16,0.4240000000000003,-1.540797599573824e-15,0.4240000000000003,2.354249513202938e-07,0.4240000000000003,-1.367266728722175e-15,0.4240000000000003,5.381950199663227e-06,0.4240000000000003,7.055498028305687e-08,0.4240000000000003,76.28023107754525,0.4240000000000003,22.86057688299137,0.4240000000000003,0.05358113161436537,0.4240000000000003,0.5207519285322714,0.4240000000000003,0.7,0.4240000000000003,0.4240000000000003,0.4240000000000003,-4.83273276228126e-16
0.4320000000000003,-1.055783262535111e-15,0.4320000000000003,-4.858236615597139e-16,0.4320000000000003,-1.548273517283798e-15,0.4320000000000003,2.824032101363279e-07,0.4320000000000003,-1.393101315610174e-15,0.4320000000000003,6.389333439524709e-06,0.4320000000000003,8.391666120479936e-08,0.4320000000000003,76.13903303339826,0.4320000000000003,22.62486122805552,0.4320000000000003,0.0546061281058414,0.4320000000000003,0.5207519285322714,0.4320000000000003,0.7,0.4320000000000003,0.4320000000000003,0.4320000000000003,-4.858236615597139e-16
0.4400000000000003,-1.055798553002659e-15,0.4400000000000003,-4.884231792556001e-16,0.4400000000000003,-1.55572231229026e-15,0.4400000000000003,3.381111989921985e-07,0.4400000000000003,-1.418971816975283e-15,0.4400000000000003,7.568319059721775e-06,0.4400000000000003,9.957223257482619e-08,0.4400000000000003,76.00832947111397,0.4400000000000003,22.3841123347758,0.4400000000000003,0.05577899426892308,0.4400000000000003,0.5207519285322714,0.4400000000000003,0.7,0.4400000000000003,0.4400000000000003,0.4400000000000003,-4.884231792556001e-16
0.4480000000000003,-1.055814269688325e-15,0.4480000000000003,-4.910720679601709e-16,0.4480000000000003,-1.563127903730688e-15,0.4480000000000003,4.040184151441479e-07,0.4480000000000003,-1.444822667990858e-15,0.4480000000000003,8.943418022222639e-06,0.4480000000000003,1.178560370671202e-07,0.4480000000000003,75.88425883630612,0.4480000000000003,22.13616431121155,0.4480000000000003,0.05711319892150272,0.4480000000000003,0.5207519285322714,0.4480000000000003,0.7,0.4480000000000003,0.4480000000000003,0.4480000000000003,-4.910720679601709e-16
0.4560000000000003,-1.05583041313722e-15,0.4560000000000003,-4.937703961877441e-16,0.4560000000000003,-1.57047457321945e-15,0.4560000000000003,4.817979823651217e-07,0.4560000000000003,-1.470598648245317e-15,0.4560000000000003,1.054096558017547e-05,0.4560000000000003,1.391335814666344e-07,0.4560000000000003,75.76147662599558,0.4560000000000003,21.87839294924401,0.4560000000000003,0.05862184098926857,0.4560000000000003,0.5207519285322714,0.4560000000000003,0.7,0.4560000000000003,0.4560000000000003,0.4560000000000003,-4.937703961877441e-16
0.4640000000000004,-1.055846984062929e-15,0.4640000000000004,-4.965180405544105e-16,0.4640000000000004,-1.577747099379899e-15,0.4640000000000004,5.733394661387041e-07,0.4640000000000004,-1.496245376649974e-15,0.4640000000000004,1.238864394877438e-05,0.4640000000000004,1.637988289432921e-07,0.4640000000000004,75.63328766570966,0.4640000000000004,21.60786877688424,0.4640000000000004,0.06031732677580164,0.4640000000000004,0.5207519285322714,0.4640000000000004,0.7,0.4640000000000004,0.4640000000000004,0.4640000000000004,-4.965180405544105e-16
0.4720000000000004,-1.055863983453386e-15,0.4720000000000004,-4.993146633147066e-16,0.4720000000000004,-1.584930883485287e-15,0.4720000000000004,6.807570558701393e-07,0.4720000000000004,-1.52170978754044e-15,0.4720000000000004,1.451480023490995e-05,0.4720000000000004,1.922696665461222e-07,0.4720000000000004,75.49188853161141,0.4720000000000004,21.32155680195589,0.4720000000000004,0.06221103928406176,0.4720000000000004,0.5207519285322714,0.4720000000000004,0.7,0.4720000000000004,0.4720000000000004,0.4720000000000004,-4.993146633147066e-16
0.4800000000000004,-1.055881412676654e-15,0.4800000000000004,-5.021596894510331e-16,0.4800000000000004,-1.592012064053457e-15,0.4800000000000004,8.063914717821937e-07,0.4800000000000004,-1.546940579375452e-15,0.4800000000000004,1.694756191477574e-05,0.4800000000000004,2.249814712615388e-07,0.4800000000000004,75.32870071364393,0.4800000000000004,21.01654408308091,0.4800000000000004,0.06431301461958898,0.4800000000000004,0.5207519285322714,0.4800000000000004,0.7,0.4800000000000004,0.4800000000000004,0.4800000000000004,-5.021596894510331e-16
0.4880000000000004,-1.055899273585125e-15,0.4880000000000004,-5.050522836176991e-16,0.4880000000000004,-1.598977618576602e-15,0.4880000000000004,9.528040593175184e-07,0.4880000000000004,-1.571888628353482e-15,0.4880000000000004,1.971377437052603e-05,0.4880000000000004,2.623788683850485e-07,0.4880000000000004,75.13476406032632,0.4880000000000004,20.69027118209339,0.4880000000000004,0.06663164130508936,0.4880000000000004,0.5207519285322714,0.4880000000000004,0.7,0.4880000000000004,0.4880000000000004,0.4880000000000004,-5.050522836176991e-16
0.4960000000000004,-1.055917568616781e-15,0.4960000000000004,-5.079913273004118e-16,0.4960000000000004,-1.605815450949472e-15,0.4960000000000004,1.122761825735374e-06,0.4960000000000004,-1.596507360399301e-15,0.4960000000000004,2.283780894220531e-05,0.4960000000000004,3.049059687340729e-07,0.4960000000000004,74.90115407390913,0.4960000000000004,20.34074228289468,0.4960000000000004,0.06917339795214847,0.4960000000000004,0.5207519285322714,0.4960000000000004,0.7,0.4960000000000004,0.4960000000000004,0.4960000000000004,-5.079913273004118e-16
0.5040000000000003,-1.055936300892295e-15,0.5040000000000003,-5.109753966151299e-16,0.5040000000000003,-1.612514463570062e-15,0.5040000000000003,1.319212652796532e-06,0.5040000000000003,-1.620753076265539e-15,0.5040000000000003,2.634031223222785e-05,0.5040000000000003,3.529955614084203e-07,0.5040000000000003,74.61938650767276,0.5040000000000003,19.96669162969127,0.5040000000000003,0.07194264313500492,0.5040000000000003,0.5207519285322714,0.5040000000000003,0.7,0.5040000000000003,0.5040000000000003,0.5040000000000003,-5.109753966151299e-16
0.5120000000000003,-1.055955474306942e-15,0.5120000000000003,-5.140027412360351e-16,0.5120000000000003,-1.619064613508501e-15,0.5120000000000003,1.545250557918436e-06,0.5120000000000003,-1.644585225888696e-15,0.5120000000000003,3.023698434287598e-05,0.5120000000000003,4.070578980174974e-07,0.5120000000000003,74.28177782605324,0.5120000000000003,19.56769029337994,0.5120000000000003,0.07494146859420783,0.5120000000000003,0.5207519285322714,0.5120000000000003,0.7,0.5120000000000003,0.5120000000000003,0.5120000000000003,-5.140027412360351e-16
0.5200000000000004,-1.055975093616499e-15,0.5200000000000004,-5.170712650087612e-16,0.5200000000000004,-1.625456952555639e-15,0.5200000000000004,1.804071617680733e-06,0.5200000000000004,-1.667966629574519e-15,0.5200000000000004,3.453748207508716e-05,0.5200000000000004,4.67469805971179e-07,0.5200000000000004,73.88173874317887,0.5200000000000004,19.14418570568116,0.5200000000000004,0.07816962328991434,0.5200000000000004,0.5207519285322714,0.5200000000000004,0.7,0.5200000000000004,0.5200000000000004,0.5200000000000004,-5.170712650087612e-16
0.5280000000000004,-1.0559951645165e-15,0.5280000000000004,-5.201785088689452e-16,0.5280000000000004,-1.631683651357168e-15,0.5280000000000004,2.098921933761912e-06,0.5280000000000004,-1.690863645005972e-15,0.5280000000000004,3.924454072419222e-05,0.5280000000000004,5.345648931431217e-07,0.5280000000000004,73.41398813798475,0.5280000000000004,18.69747516240018,0.5280000000000004,0.0816245116485305,0.5280000000000004,0.5207519285322714,0.5280000000000004,0.7,0.5280000000000004,0.5280000000000004,0.5280000000000004,-5.201785088689452e-16
0.5360000000000004,-1.056015693714474e-15,0.5360000000000004,-5.23321636743698e-16,0.5360000000000004,-1.637738008198704e-15,0.5360000000000004,2.433039723093838e-06,0.5360000000000004,-1.713246280415185e-15,0.5360000000000004,4.435339445913524e-05,0.5360000000000004,6.086255458725718e-07,0.5360000000000004,72.8746842125183,0.5360000000000004,18.22962199847292,0.5360000000000004,0.08530126498221362,0.5360000000000004,0.5207519285322714,0.5360000000000004,0.7,0.5360000000000004,0.5360000000000004,0.5360000000000004,-5.23321636743698e-16
0.5440000000000004,-1.056036688994957e-15,0.5440000000000004,-5.264974251599335e-16,0.5440000000000004,-1.643614443321688e-15,0.5440000000000004,2.809594165215232e-06,0.5440000000000004,-1.735088255494003e-15,0.5440000000000004,4.985155167646739e-05,0.5440000000000004,6.898772821380303e-07,0.5440000000000004,72.26147746447043,0.5440000000000004,17.74332830477654,0.5440000000000004,0.0891928808983834,0.5440000000000004,0.5207519285322714,0.5440000000000004,0.7,0.5440000000000004,0.5440000000000004,0.5440000000000004,-5.264974251599335e-16
0.5520000000000004,-1.056058159277311e-15,0.5520000000000004,-5.297022573130362e-16,0.5520000000000004,-1.649308479911611e-15,0.5520000000000004,3.231623971787847e-06,0.5520000000000004,-1.756367012700228e-15,0.5520000000000004,5.571895113288918e-05,0.5520000000000004,7.784858197138297e-07,0.5520000000000004,71.5734952672245,0.5520000000000004,17.24178048542908,0.5520000000000004,0.09329042190856561,0.5520000000000004,0.5207519285322714,0.5520000000000004,0.7,0.5520000000000004,0.5520000000000004,0.5520000000000004,-5.297022573130362e-16
0.5600000000000004,-1.056080114666541e-15,0.5600000000000004,-5.329321223559677e-16,0.5600000000000004,-1.654816713104652e-15,0.5600000000000004,3.701978715858558e-06,0.5600000000000004,-1.777063682523584e-15,0.5600000000000004,6.19284911491388e-05,0.5600000000000004,8.745569824465895e-07,0.5600000000000004,70.81127061142737,0.5600000000000004,16.72848384675275,0.5600000000000004,0.0975832616692705,0.5600000000000004,0.5207519285322714,0.5600000000000004,0.7,0.5600000000000004,0.5600000000000004,0.5600000000000004,-5.329321223559677e-16
0.5680000000000004,-1.056102566497487e-15,0.5680000000000004,-5.361826206462172e-16,0.5680000000000004,-1.660136768504983e-15,0.5680000000000004,4.223265766117138e-06,0.5680000000000004,-1.797163006992008e-15,0.5680000000000004,6.844689217793465e-05,0.5680000000000004,9.781393279528685e-07,0.5680000000000004,69.97662830016867,0.5680000000000004,16.20710037412216,0.5680000000000004,0.1020593655152529,0.5680000000000004,0.5207519285322714,0.5680000000000004,0.7,0.5680000000000004,0.5680000000000004,0.5680000000000004,-5.361826206462172e-16
0.5760000000000004,-1.056125527372871e-15,0.5760000000000004,-5.394489756299675e-16,0.5760000000000004,-1.665267251793935e-15,0.5760000000000004,4.797805242789248e-06,0.5760000000000004,-1.816653226220574e-15,0.5760000000000004,7.523582654569577e-05,0.5760000000000004,1.089229167115873e-06,0.5760000000000004,69.07254122188972,0.5760000000000004,15.68130066531683,0.5760000000000004,0.1067055912361829,0.5760000000000004,0.5207519285322714,0.5760000000000004,0.7,0.5760000000000004,0.5760000000000004,0.5760000000000004,-5.394489756299675e-16
0.5840000000000004,-1.056149011195837e-15,0.5840000000000004,-5.427260529442813e-16,0.5840000000000004,-1.670207691047587e-15,0.5840000000000004,5.427594803661385e-06,0.5840000000000004,-1.835525933136554e-15,0.5840000000000004,8.22532311317095e-05,0.5840000000000004,1.207777483438671e-06,0.5840000000000004,68.10296785590489,0.5840000000000004,15.15463738677295,0.5840000000000004,0.1115079963498793,0.5840000000000004,0.5207519285322714,0.5840000000000004,0.7,0.5840000000000004,0.5840000000000004,0.5840000000000004,-5.427260529442813e-16
0.5920000000000004,-1.056173033197663e-15,0.5920000000000004,-5.46008387175499e-16,0.5920000000000004,-1.67495847336651e-15,0.5920000000000004,6.114285355390497e-06,0.5920000000000004,-1.85377590166651e-15,0.5920000000000004,8.94547105816766e-05,0.5920000000000004,1.333698162634267e-06,0.5920000000000004,67.07268037693721,0.5920000000000004,14.63044417822588,0.5920000000000004,0.1164521392956308,0.5920000000000004,0.5207519285322714,0.5920000000000004,0.7,0.5920000000000004,0.5920000000000004,0.5920000000000004,-5.46008387175499e-16
0.6000000000000004,-1.056197609961425e-15,0.6000000000000004,-5.492902165242207e-16,0.6000000000000004,-1.679520777366842e-15,0.6000000000000004,6.859168046322541e-06,0.6000000000000004,-1.871400893662563e-15,0.6000000000000004,9.679494026160918e-05,0.6000000000000004,1.466876913123036e-06,0.6000000000000004,65.9870909383454,0.6000000000000004,14.1117610194153,0.6000000000000004,0.1215233638026577,0.6000000000000004,0.5207519285322714,0.6000000000000004,0.7,0.6000000000000004,0.6000000000000004,0.6000000000000004,-5.492902165242207e-16
0.6080000000000004,-1.056222759442394e-15,0.6080000000000004,-5.525655253961735e-16,0.6080000000000004,-1.683896502993071e-15,0.6080000000000004,7.663172205785651e-06,0.6080000000000004,-1.888401449696734e-15,0.6080000000000004,0.0001042289881185171,0.6080000000000004,1.607180290013881e-06,0.6080000000000004,64.85208210064407,0.6080000000000004,13.60128486215217,0.6080000000000004,0.1267070579425375,0.6080000000000004,0.5207519285322714,0.6080000000000004,0.7,0.6080000000000004,0.6080000000000004,0.6080000000000004,-5.525655253961735e-16
0.6160000000000004,-1.056248500985986e-15,0.6160000000000004,-5.558280946695508e-16,0.6160000000000004,-1.688088199997423e-15,0.6160000000000004,8.526873309183561e-06,0.6160000000000004,-1.904780668588451e-15,0.6160000000000004,0.0001117134906081587,0.6160000000000004,1.754464315236875e-06,0.6160000000000004,63.67384599274448,0.6160000000000004,13.10134284368204,0.6160000000000004,0.1319888818111884,0.6160000000000004,0.5207519285322714,0.6160000000000004,0.7,0.6160000000000004,0.6160000000000004,0.6160000000000004,-5.558280946695508e-16
0.6240000000000004,-1.056274855344076e-15,0.6240000000000004,-5.590715590926743e-16,0.6240000000000004,-1.692098996296025e-15,0.6240000000000004,9.450509605701592e-06,0.6240000000000004,-1.920543980176116e-15,0.6240000000000004,0.0001192076371730972,0.6240000000000004,1.908582297605395e-06,0.6240000000000004,62.45873563988369,0.6240000000000004,12.61388455721701,0.6240000000000004,0.1373549601916194,0.6240000000000004,0.5207519285322714,0.6240000000000004,0.7,0.6240000000000004,0.6240000000000004,0.6240000000000004,-5.590715590926743e-16
0.6320000000000005,-1.056301844690464e-15,0.6320000000000005,-5.622894709545998e-16,0.6320000000000005,-1.695932527265254e-15,0.6320000000000005,1.043400576199096e-05,0.6320000000000005,-1.935698915423143e-15,0.6320000000000005,0.0001266739377889258,0.6320000000000005,2.069391581098067e-06,0.6320000000000005,61.21313092503725,0.6320000000000005,12.14048953762933,0.6320000000000005,0.1427920387522797,0.6320000000000005,0.5207519285322714,0.6320000000000005,0.7,0.6320000000000005,0.6320000000000005,0.6320000000000005,-5.622894709545998e-16
0.6400000000000005,-1.056329492636248e-15,0.6400000000000005,-5.654753688625733e-16,0.6400000000000005,-1.69959286688902e-15,0.6400000000000005,1.14770017474008e-05,0.6400000000000005,-1.950254877485431e-15,0.6400000000000005,0.0001340787666681741,0.6400000000000005,2.236759072115432e-06,0.6400000000000005,59.94332082505785,0.6400000000000005,11.68238618580198,0.6400000000000005,0.1482876042185053,0.6400000000000005,0.5207519285322714,0.6400000000000005,0.7,0.6400000000000005,0.6400000000000005,0.6400000000000005,-5.654753688625733e-16
0.6480000000000005,-1.056357824245824e-15,0.6480000000000005,-5.68622850173462e-16,0.6480000000000005,-1.703084461514901e-15,0.6480000000000005,1.257888519587285e-05,0.6480000000000005,-1.964222916881376e-15,0.6480000000000005,0.0001413926907898312,0.6480000000000005,2.410565505232167e-06,0.6480000000000005,58.65540284341426,0.6480000000000005,11.24047867423938,0.6480000000000005,0.153829970450007,0.6480000000000005,0.5207519285322714,0.6480000000000005,0.7,0.6480000000000005,0.6480000000000005,0.6480000000000005,-5.68622850173462e-16
0.6560000000000005,-1.05638686605419e-15,0.6560000000000005,-5.717256453819082e-16,0.6560000000000005,-1.706412066828465e-15,0.6560000000000005,1.37388255987535e-05,0.6560000000000005,-1.977615513415407e-15,0.6560000000000005,0.0001485906036721297,0.6560000000000005,2.590708494794447e-06,0.6560000000000005,57.35519992723814,0.6560000000000005,10.81537884036398,0.6560000000000005,0.1594083334464691,0.6560000000000005,0.5207519285322714,0.6560000000000005,0.7,0.6560000000000005,0.6560000000000005,0.6560000000000005,-5.717256453819082e-16
0.6640000000000005,-1.056416646086158e-15,0.6640000000000005,-5.747776925856447e-16,0.6640000000000005,-1.709580688514477e-15,0.6640000000000005,1.495580887966302e-05,0.6640000000000005,-1.990446367026592e-15,0.6640000000000005,0.0001556516925181243,0.6640000000000005,2.77710448354944e-06,0.6640000000000005,56.04819459986058,0.6640000000000005,10.40744059853942,0.6640000000000005,0.1650127990042819,0.6640000000000005,0.5207519285322714,0.6640000000000005,0.7,0.6640000000000005,0.6640000000000005,0.6640000000000005,-5.747776925856447e-16
0.6720000000000005,-1.056447193878051e-15,0.6720000000000005,-5.777732100450902e-16,0.6720000000000005,-1.712595526943661e-15,0.6720000000000005,1.622867114573483e-05,0.6720000000000005,-2.002730199277118e-15,0.6720000000000005,0.0001625592708139425,0.6720000000000005,2.969689739693924e-06,0.6720000000000005,54.73947956283708,0.6720000000000005,10.01679492758344,0.6720000000000005,0.170634387104733,0.6720000000000005,0.5207519285322714,0.6720000000000005,0.7,0.6720000000000005,0.6720000000000005,0.6720000000000005,-5.777732100450902e-16
0.6800000000000005,-1.056478540502385e-15,0.6800000000000005,-5.807067648422743e-16,0.6800000000000005,-1.715461926106179e-15,0.6800000000000005,1.755613067113437e-05,0.6800000000000005,-2.014482566770438e-15,0.6800000000000005,0.0001693005092408423,0.6800000000000005,3.168420573020105e-06,0.6800000000000005,53.43372362952018,0.6800000000000005,9.6433839786392,0.6800000000000005,0.1762650171871301,0.6800000000000005,0.5207519285322714,0.6800000000000005,0.7,0.6800000000000005,0.6800000000000005,0.6800000000000005,-5.807067648422743e-16
0.6880000000000005,-1.056510718596013e-15,0.6880000000000005,-5.835733357293486e-16,0.6880000000000005,-1.718185326908991e-15,0.6880000000000005,1.893681742637467e-05,0.6880000000000005,-2.025719687401878e-15,0.6880000000000005,0.0001758660961217232,0.6880000000000005,3.373272943282592e-06,0.6880000000000005,52.13515155123639,0.6880000000000005,9.286993276750424,0.6880000000000005,0.1818974783145477,0.6880000000000005,0.5207519285322714,0.6880000000000005,0.7,0.6880000000000005,0.6880000000000005,0.6880000000000005,-5.835733357293486e-16
0.6960000000000005,-1.056543762392128e-15,0.6960000000000005,-5.863683684382037e-16,0.6960000000000005,-1.720771224864297e-15,0.6960000000000005,2.036929970431582e-05,0.6960000000000005,-2.036458279999293e-15,0.6960000000000005,0.0001822498553313123,0.6960000000000005,3.584241624030026e-06,0.6960000000000005,50.84753608948813,0.6960000000000005,8.947281348742862,0.6960000000000005,0.1875253879388889,0.6960000000000005,0.5207519285322714,0.6960000000000005,0.7,0.6960000000000005,0.6960000000000005,0.6960000000000005,-5.863683684382037e-16
0.7040000000000005,-1.056577707756501e-15,0.7040000000000005,-5.890878219912909e-16,0.7040000000000005,-1.723225132120187e-15,0.7040000000000005,2.185210760053944e-05,0.7040000000000005,-2.046715417609883e-15,0.7040000000000005,0.0001884483453588673,0.7040000000000005,3.801339067257824e-06,0.7040000000000005,49.57420057106574,0.7040000000000005,8.623806399080653,0.7040000000000005,0.1931431425726622,0.7040000000000005,0.5207519285322714,0.7040000000000005,0.7,0.7040000000000005,0.7040000000000005,0.7040000000000005,-5.890878219912909e-16
0.7120000000000005,-1.056612592228276e-15,0.7120000000000005,-5.917282048939798e-16,0.7120000000000005,-1.725552543721974e-15,0.7120000000000005,2.338375327685949e-05,0.7120000000000005,-2.056508394431349e-15,0.7120000000000005,0.0001944604586029812,0.7120000000000005,4.024594092066689e-06,0.7120000000000005,48.31803013036846,0.7120000000000005,8.31604987876263,0.7120000000000005,0.198745863225282,0.7120000000000005,0.5207519285322714,0.7120000000000005,0.7,0.7120000000000005,0.7120000000000005,0.7120000000000005,-5.917282048939798e-16
0.7200000000000005,-1.056648455065637e-15,0.7200000000000005,-5.942866004794155e-16,0.7200000000000005,-1.727758907942534e-15,0.7200000000000005,2.496274807097055e-05,0.7200000000000005,-2.065854606170165e-15,0.7200000000000005,0.0002002870354374001,0.7200000000000005,4.254050496985125e-06,0.7200000000000005,47.08148988342872,0.7200000000000005,8.02343695766314,0.7200000000000005,0.2043293379992769,0.7200000000000005,0.5207519285322714,0.7200000000000005,0.7,0.7200000000000005,0.7200000000000005,0.7200000000000005,-5.942866004794155e-16
0.7280000000000005,-1.056685337296581e-15,0.7280000000000005,-5.967606810930008e-16,0.7280000000000005,-1.729849600481439e-15,0.7280000000000005,2.658761661446926e-05,0.7280000000000005,-2.074771443434192e-15,0.7280000000000005,0.0002059305034124763,0.7280000000000005,4.489765672841316e-06,0.7280000000000005,45.86664837725364,0.7280000000000005,7.745354026974494,0.7280000000000005,0.2098899637940966,0.7280000000000005,0.5207519285322714,0.7280000000000005,0.7,0.7280000000000005,0.7280000000000005,0.7280000000000005,-5.967606810930008e-16
0.7360000000000005,-1.056723281775078e-15,0.7360000000000005,-5.99148711219247e-16,0.7360000000000005,-1.731829902304384e-15,0.7360000000000005,2.825690818943072e-05,0.7360000000000005,-2.083276197628417e-15,0.7360000000000005,0.0002113945483247443,0.7360000000000005,4.731809272413797e-06,0.7360000000000005,44.67520480108181,0.7360000000000005,7.481163434712579,0.7360000000000005,0.215424688650919,0.7360000000000005,0.5207519285322714,0.7360000000000005,0.7,0.7360000000000005,0.7360000000000005,0.7360000000000005,-5.99148711219247e-16
0.7440000000000005,-1.0567623332428e-15,0.7440000000000005,-6.014495400438543e-16,0.7440000000000005,-1.733704980875297e-15,0.7440000000000005,2.996920559507835e-05,0.7440000000000005,-2.091385978717481e-15,0.7440000000000005,0.0002166838208753026,0.7440000000000005,4.980261975294386e-06,0.7440000000000005,43.50851861813841,0.7440000000000005,7.230215702178659,0.7440000000000005,0.2209309559019418,0.7440000000000005,0.5207519285322714,0.7440000000000005,0.7,0.7440000000000005,0.7440000000000005,0.7440000000000005,-6.014495400438543e-16
0.7520000000000006,-1.056802538396683e-15,0.7520000000000006,-6.036625842869076e-16,0.7520000000000006,-1.735479874522208e-15,0.7520000000000006,3.172313181588381e-05,0.7520000000000006,-2.09911764414333e-15,0.7520000000000006,0.0002218036802527944,0.7520000000000006,5.235214371736743e-06,0.7520000000000006,42.3676404638255,0.7520000000000006,6.991859490423599,0.7520000000000006,0.2264066509675442,0.7520000000000006,0.5207519285322714,0.7520000000000006,0.7,0.7520000000000006,0.7520000000000006,0.7520000000000006,-6.036625842869076e-16
0.7600000000000006,-1.056843945962471e-15,0.7600000000000006,-6.057878024224233e-16,0.7600000000000006,-1.737159479673348e-15,0.7600000000000006,3.351735478554583e-05,0.7600000000000006,-2.106487738136683e-15,0.7600000000000006,0.0002267599741776155,0.7600000000000006,5.496765977684932e-06,0.7600000000000006,41.25334334737673,0.7600000000000006,6.765449589579617,0.7600000000000006,0.2318500513751061,0.7600000000000006,0.5207519285322714,0.7600000000000006,0.7,0.7600000000000006,0.7600000000000006,0.7600000000000006,-6.057878024224233e-16
0.7680000000000006,-1.05688660677448e-15,0.7680000000000006,-6.078256616045563e-16,0.7680000000000006,-1.738748540700746e-15,0.7680000000000006,3.535059053213854e-05,0.7680000000000006,-2.113512440633666e-15,0.7680000000000006,0.0002315588536612933,0.7680000000000006,5.765024384416971e-06,0.7680000000000006,40.16615337954227,0.7680000000000006,6.550353195679231,0.7680000000000006,0.237259780352197,0.7680000000000006,0.5207519285322714,0.7680000000000006,0.7,0.7680000000000006,0.7680000000000006,0.7680000000000006,-6.078256616045563e-16
0.7760000000000006,-1.056930573861772e-15,0.7760000000000006,-6.097770987473267e-16,0.7760000000000006,-1.740251642113932e-15,0.7760000000000006,3.722160497210655e-05,0.7760000000000006,-2.120207524999923e-15,0.7760000000000006,0.0002362066198867975,0.7760000000000006,6.040104539927033e-06,0.7760000000000006,39.10637942197785,0.7760000000000006,6.345954723442338,0.7760000000000006,0.2426347641701488,0.7760000000000006,0.5207519285322714,0.7760000000000006,0.7,0.7760000000000006,0.7760000000000006,0.7760000000000006,-6.097770987473267e-16
0.7840000000000006,-1.056975902540932e-15,0.7840000000000006,-6.116434772543819e-16,0.7840000000000006,-1.741673202855088e-15,0.7840000000000006,3.912921459783853e-05,0.7840000000000006,-2.12658832377085e-15,0.7840000000000006,0.0002407096001178165,0.7840000000000006,6.322128154889427e-06,0.7840000000000006,38.07414121013282,0.7840000000000006,6.151659382684327,0.7840000000000006,0.2479741932767306,0.7840000000000006,0.5207519285322714,0.7840000000000006,0.7,0.7840000000000006,0.7840000000000006,0.7840000000000006,-6.116434772543819e-16
0.7920000000000006,-1.057022650515675e-15,0.7920000000000006,-6.134265408747805e-16,0.7920000000000006,-1.743017472458425e-15,0.7920000000000006,4.107228627776971e-05,0.7920000000000006,-2.132669701635037e-15,0.7920000000000006,0.0002450740493187684,0.7920000000000006,6.611223223391844e-06,0.7920000000000006,37.06939563795802,0.7920000000000006,5.966895722857734,0.7920000000000006,0.2532774871531849,0.7920000000000006,0.5207519285322714,0.7920000000000006,0.7,0.7920000000000006,0.7920000000000006,0.7920000000000006,-6.134265408747805e-16
0.8,-1.05707087798349e-15,0.8,-6.151283660804677e-16,0.8,-1.744288528849844e-15,0.8,4.304973636121429e-05,0.8,-2.138466034915889e-15,0.8,0.0002493060741424206,0.8,6.907523647216787e-06,0.8,36.09196100875779,0.8,5.791117326494849,0.8,0.2585442627558666,0.8,0.5207519285322714,0.8,0.7,0.8,0.8,0.8,-6.151283660804677e-16
