NM0:cgd X,NM0:cgd Y,NM0:cgs X,NM0:cgs Y,NM0:cdb X,NM0:cdb Y,NM0:csb X,NM0:csb Y,NM0:gm X,NM0:gm Y,NM0:gds X,NM0:gds Y,NM0:gmoverid X,NM0:gmoverid Y,NM0:id X,NM0:id Y,NM0:self_gain X,NM0:self_gain Y,NM0:vdsat X,NM0:vdsat Y,NM0:vth X,NM0:vth Y
0,-2.001512062328747e-15,0,-4.947200411138912e-15,0,-5.004494994053959e-15,0,-7.104898288235606e-15,0,3.899922372394239e-10,0,7.375250203993184e-13,0,27.36694213765301,0,1.425051937533785e-11,0,528.7850940002961,0,0.03646820060828366,0,0.4545551746509584
0.01,-2.008052261490401e-15,0.01,-5.129141100158686e-15,0.01,-5.004575050368027e-15,0.01,-7.173550079468533e-15,0.01,5.125067683794944e-10,0.01,9.696276079340378e-13,0.01,27.35526355609598,0.01,1.873524884454428e-11,0.01,528.5604124571909,0.01,0.0364683449446627,0.01,0.4545551746509584
0.02,-2.014718177358398e-15,0.02,-5.323033488136913e-15,0.02,-5.004661247172424e-15,0.02,-7.247250259854943e-15,0.02,6.733651294149266e-10,0.02,1.27460795793739e-12,0.02,27.34130377686267,0.02,2.462816096856138e-11,0.02,528.2919545744771,0.02,0.03646853460022586,0.02,0.4545551746509584
0.03,-2.021513662519529e-15,0.03,-5.530311581762649e-15,0.03,-5.004754013349584e-15,0.03,-7.326314670823878e-15,0.03,8.845212174779553e-10,0.03,1.675264855993231e-12,0.03,27.32553210145445,0.03,3.236980399013228e-11,0.03,527.9888814676651,0.03,0.03646878375177717,0.03,0.4545551746509584
0.04,-2.02844272097553e-15,0.04,-5.751914243312617e-15,0.04,-5.004853801690035e-15,0.04,-7.411070472366714e-15,0.04,1.16160917846532e-09,0.04,2.201491547764829e-12,0.04,27.30769623494427,0.04,4.253782774114936e-11,0.04,527.6464402712332,0.04,0.0364691109871287,0.04,0.4545551746509584
0.05,-2.035509514246295e-15,0.05,-5.988826868774332e-15,0.05,-5.004961088585373e-15,0.05,-7.501854522859391e-15,0.05,1.525077063430713e-09,0.05,2.892461289162509e-12,0.05,27.2875111075321,0.05,5.588922920598934e-11,0.05,527.259282309112,0.05,0.03646954066362789,0.05,0.4545551746509584
0.06,-2.042718367786792e-15,0.06,-6.24207821663464e-15,0.06,-5.005076374036751e-15,0.06,-7.599011872553271e-15,0.06,2.001646722244929e-09,0.06,3.79947871857408e-12,0.06,27.26465535529636,0.06,7.341547489695157e-11,0.06,526.8214064365477,0.06,0.03647010468029525,0.06,0.4545551746509584
0.07000000000000001,-2.050073777541201e-15,0.07000000000000001,-6.512736107035796e-15,0.07000000000000001,-5.005200181434523e-15,0.07000000000000001,-7.702893894497456e-15,0.07000000000000001,2.626205579191647e-09,0.07000000000000001,4.989692823141823e-12,0.07000000000000001,27.23876766411493,0.07000000000000001,9.64142911782372e-11,0.07000000000000001,526.3261030842424,0.07000000000000001,0.0364708447850029,0.07000000000000001,0.4545551746509584
0.08,-2.057580416609355e-15,0.08,-6.801901898535556e-15,0.08,-5.00533305707394e-15,0.08,-7.813856015853951e-15,0.08,3.444252850543705e-09,0.08,6.550924736640264e-12,0.08,27.20944306275925,0.08,1.265830299924065e-10,0.08,525.7659016107305,0.08,0.0364718155736453,0.08,0.4545551746509584
0.09,-2.065243141994296e-15,0.09,-7.110703650890454e-15,0.09,-5.005475569370542e-15,0.09,-7.932255014338358e-15,0.09,4.515055094275198e-09,0.09,8.597934584071445e-12,0.09,27.17622929061676,0.09,1.661398990140889e-10,0.09,525.1325245762861,0.09,0.03647308838199583,0.09,0.4545551746509584
0.09999999999999999,-2.073067001392458e-15,0.09999999999999999,-7.440287884961173e-15,0.09999999999999999,-5.005628307738489e-15,0.09999999999999999,-8.058445847957885e-15,0.09999999999999999,5.915705714649596e-09,0.09999999999999999,1.128054079774573e-11,0.09999999999999999,27.13862341617007,0.09999999999999999,2.179810861569728e-10,0.09999999999999999,524.4168538295412,0.09999999999999999,0.0364747563257931,0.09999999999999999,0.4545551746509584
0.11,-2.081057239979511e-15,0.11,-7.791809856587457e-15,0.11,-5.005791881095914e-15,0.11,-8.192777991666277e-15,0.11,7.746331371738771e-09,0.11,1.479411666129815e-11,0.11,27.09606894609282,0.11,2.858839885652678e-10,0.11,523.6089148873216,0.11,0.03647694081270762,0.11,0.4545551746509584
0.12,-2.089219307135133e-15,0.12,-8.166422271878278e-15,0.12,-5.005966915963509e-15,0.12,-8.335591262355451e-15,0.12,1.01367463315736e-08,0.12,1.939312662953979e-11,0.12,27.04795374345845,0.12,3.747694675590448e-10,0.12,522.697888030763,0.12,0.03647979993375218,0.12,0.4545551746509584
0.13,-2.097558863038719e-15,0.13,-8.565262388639011e-15,0.13,-5.006154054126286e-15,0.13,-8.48721112407616e-15,0.13,1.325492466167961e-08,0.13,2.540853386081908e-11,0.13,26.9936091681193,0.13,4.910393963533875e-10,0.13,521.6721568543239,0.13,0.03648353924359279,0.13,0.4545551746509584
0.14,-2.106081785055106e-15,0.14,-8.989437474348476e-15,0.14,-5.006353949834256e-15,0.14,-8.647943478795377e-15,0.14,1.731774057627248e-08,0.14,3.327011504397818e-11,0.14,26.93231096278584,0.14,6.430098585975145e-10,0.14,520.5194076840727,0.14,0.03648842556137172,0.14,0.4545551746509584
0.15,-2.114794173814567e-15,0.15,-9.44000862667681e-15,0.15,-5.006567266525748e-15,0.15,-8.818068964535808e-15,0.15,2.260451948359099e-08,0.15,4.353496323052307e-11,0.15,26.86328253232947,0.15,8.414653101952312e-10,0.15,519.2267962625175,0.15,0.03649480456722207,0.15,0.4545551746509584
0.16,-2.123702358874439e-15,0.16,-9.917973009067373e-15,0.16,-5.006794673067464e-15,0.16,-8.997836802449625e-15,0.16,2.947404615548551e-08,0.16,5.692374710636983e-11,0.16,26.78570139551432,0.16,1.100364952295119e-09,0.16,517.7812012341566,0.16,0.03650312313454453,0.16,0.4545551746509584
0.17,-2.132812903830408e-15,0.17,-1.042424461188556e-14,0.17,-5.007036839518266e-15,0.17,-9.187458257117781e-15,0.17,3.838579114749107e-08,0.17,7.436662700726052e-11,0.17,26.69870971635557,0.17,1.437739592482625e-09,0.17,516.1695869807758,0.17,0.0365139575213103,0.17,0.4545551746509584
0.18,-2.142132610723571e-15,0.18,-1.095963371883362e-14,0.18,-5.007294432439339e-15,0.18,-9.387099799768059e-15,0.18,4.992624107113792e-08,0.18,9.706110176248048e-11,0.18,26.60142992734588,0.18,1.876825497133231e-09,0.18,514.3795007943871,0.18,0.03652804873874799,0.18,0.4545551746509584
0.19,-2.15166852356443e-15,0.19,-1.152482533762451e-14,0.19,-5.007568109791354e-15,0.19,-9.596876091516688e-15,0.19,6.484135190334024e-08,0.19,1.265444691719518e-10,0.19,26.49298650872057,0.19,2.447491254152512e-09,0.19,512.3997305266037,0.19,0.03654634660936894,0.19,0.4545551746509584
0.2,-2.161427930766783e-15,0.2,-1.212035694116254e-14,0.2,-5.007858515479279e-15,0.2,-9.816842932188909e-15,0.2,8.407628841224209e-08,0.2,1.647840133463905e-10,0.2,26.37253494247254,0.2,3.188024566648794e-09,0.2,510.22114770021,0.2,0.03657006419790544,0.2,0.4545551746509584
0.21,-2.17141836625248e-15,0.21,-1.274659595741891e-14,0.21,-5.008166273627471e-15,0.21,-1.004699034844966e-14,0.21,1.088237724663841e-07,0.21,2.142884634625181e-10,0.21,26.23929865571577,0.21,4.147358310106804e-09,0.21,507.8377562094882,0.21,0.03660074441574688,0.21,0.4545551746509584
0.2200000000000001,-2.181647608952018e-15,0.2200000000000001,-1.34037175383711e-14,0.2200000000000001,-5.008491982689941e-15,0.2200000000000001,-1.028723602123035e-14,0.2200000000000001,1.405825517567406e-07,0.2200000000000001,2.782446717146278e-10,0.2200000000000001,26.09261432585,0.2200000000000001,5.387829324461518e-09,0.2200000000000001,505.2479563774876,0.2200000000000001,0.03664034061588409,0.2200000000000001,0.4545551746509584
0.2300000000000001,-2.192123680385298e-15,0.2300000000000001,-1.409168322520943e-14,0.2300000000000001,-5.008836209523337e-15,0.2300000000000001,-1.053741927483068e-14,0.2300000000000001,1.812277436912195e-07,0.2300000000000001,3.606837969234808e-10,0.2300000000000001,25.93198514479417,0.2300000000000001,6.988579683890714e-09,0.2300000000000001,502.456016147759,0.2300000000000001,0.03669131284935847,0.2300000000000001,0.4545551746509584
0.2400000000000001,-2.202854839961277e-15,0.2400000000000001,-1.48102212019507e-14,0.2400000000000001,-5.009199483570785e-15,0.2400000000000001,-1.079729586645683e-14,0.2400000000000001,2.330951483203356e-07,0.2400000000000001,4.666815131995407e-10,0.2400000000000001,25.75714043048998,0.2400000000000001,9.049729328388178e-09,0.2400000000000001,499.4737132873535,0.2400000000000001,0.03675674106674203,0.2400000000000001,0.4545551746509584
0.2500000000000001,-2.213849577584119e-15,0.2500000000000001,-1.555880888541956e-14,0.2500000000000001,-5.009582291322857e-15,0.2500000000000001,-1.106653382310211e-14,0.2500000000000001,2.990821173140697e-07,0.2500000000000001,6.025968494682666e-10,0.2500000000000001,25.56809824545983,0.2500000000000001,1.169747218918913e-08,0.2500000000000001,496.3220726726014,0.2500000000000001,0.03684045582657185,0.2500000000000001,0.4545551746509584
0.2600000000000001,-2.225116603096379e-15,0.2600000000000001,-1.633665862885296e-14,0.2600000000000001,-5.009985071235355e-15,0.2600000000000001,-1.134471057045598e-14,0.2600000000000001,3.827682810390134e-07,0.2600000000000001,7.763541723821083e-10,0.2600000000000001,25.36522540243567,0.2600000000000001,1.509027717286614e-08,0.2600000000000001,493.0330700285351,0.2600000000000001,0.03694718591704101,0.2600000000000001,0.4545551746509584
0.2700000000000001,-2.236664832026352e-15,0.2700000000000001,-1.714270731215942e-14,0.2700000000000001,-5.010408209290957e-15,0.2700000000000001,-1.163131158412728e-14,0.2700000000000001,4.885604277783501e-07,0.2700000000000001,9.977725339121483e-10,0.2700000000000001,25.14928648644679,0.2700000000000001,1.942641310601355e-08,0.2700000000000001,489.6511090185679,0.2700000000000001,0.03708272061615777,0.2700000000000001,0.4545551746509584
0.2800000000000001,-2.248503367036588e-15,0.2800000000000001,-1.797561054827779e-14,0.2800000000000001,-5.010852035391952e-15,0.2800000000000001,-1.192573076562392e-14,0.2800000000000001,6.218670945222156e-07,0.2800000000000001,1.27894611558042e-09,0.2800000000000001,24.92147057377989,0.2800000000000001,2.495306581136624e-08,0.2800000000000001,486.2340070050532,0.2800000000000001,0.03725408204825,0.2800000000000001,0.4545551746509584
0.2900000000000001,-2.260641474393668e-15,0.2900000000000001,-1.883374214822717e-14,0.2900000000000001,-5.011316820762445e-15,0.2900000000000001,-1.222727270376175e-14,0.2900000000000001,7.893098292387297e-07,0.2900000000000001,1.634678824162957e-09,0.2900000000000001,24.68338173447444,0.2900000000000001,3.19773780814572e-08,0.2900000000000001,482.8531559665235,0.2900000000000001,0.0374697002451527,0.2900000000000001,0.4545551746509584
0.3000000000000001,-2.273088554695659e-15,0.3000000000000001,-1.971519935609514e-14,0.3000000000000001,-5.011802776520879e-15,0.3000000000000001,-1.253515692698092e-14,0.3000000000000001,9.989792432647692e-07,0.3000000000000001,2.082975223314058e-09,0.3000000000000001,24.43697806945745,0.3000000000000001,4.087981915074503e-08,0.3000000000000001,479.5924752649587,0.3000000000000001,0.03773958019635405,0.3000000000000001,0.4545551746509584
0.3100000000000001,-2.285854107003766e-15,0.3100000000000001,-2.061781419145768e-14,0.3100000000000001,-5.012310053556055e-15,0.3100000000000001,-1.284852418504678e-14,0.3100000000000001,1.260744163373523e-06,0.3100000000000001,2.645588851401469e-09,0.3100000000000001,24.18444519981139,0.3100000000000001,5.21303736246307e-08,0.3100000000000001,476.5457651160192,0.3100000000000001,0.03807544662518167,0.3100000000000001,0.4545551746509584
0.3200000000000001,-2.298947685429538e-15,0.3200000000000001,-2.153917102630235e-14,0.3200000000000001,-5.012838743804111e-15,0.3200000000000001,-1.316644472257352e-14,0.3200000000000001,1.58662027321468e-06,0.3200000000000001,3.348627375895491e-09,0.3200000000000001,23.92799521123153,0.3200000000000001,6.630811566104534e-08,0.3200000000000001,473.812131094576,0.3200000000000001,0.03849084888227047,0.3200000000000001,0.4545551746509584
0.3300000000000001,-2.312378847130355e-15,0.3300000000000001,-2.247663028584881e-14,0.3300000000000001,-5.013388882979981e-15,0.3300000000000001,-1.348792842556622e-14,0.3300000000000001,1.991199100004723e-06,0.3300000000000001,4.223211577957905e-09,0.3300000000000001,23.66959224139732,0.3300000000000001,8.41247741185108e-08,0.3300000000000001,471.4893069523997,0.3300000000000001,0.03900120579924513,0.3300000000000001,0.4545551746509584
0.3400000000000001,-2.32615709056635e-15,0.3400000000000001,-2.342735791042487e-14,0.3400000000000001,-5.013960454767701e-15,0.3400000000000001,-1.381193664041295e-14,0.3400000000000001,2.49212747000053e-06,0.3400000000000001,5.306181269028575e-09,0.3400000000000001,23.41062143940567,0.3400000000000001,1.06452854197934e-07,0.3400000000000001,469.6649706535138,0.3400000000000001,0.03962376931982412,0.3400000000000001,0.4545551746509584
0.3500000000000001,-2.340291782775589e-15,0.3500000000000001,-2.438835996389904e-14,0.3500000000000001,-5.014553396421693e-15,0.3500000000000001,-1.413739538765609e-14,0.3500000000000001,3.110610530200556e-06,0.3500000000000001,6.64083527375778e-09,0.3500000000000001,23.15153741522745,0.3500000000000001,1.343587026284322e-07,0.3500000000000001,468.4065184529699,0.3500000000000001,0.04037748696995778,0.3500000000000001,0.4545551746509584
0.3600000000000002,-2.354792074336372e-15,0.3600000000000002,-2.535652153949299e-14,0.3600000000000002,-5.015167605678731e-15,0.3600000000000002,-1.446320962568241e-14,0.3600000000000002,3.871888341511268e-06,0.3600000000000002,8.27768416132365e-09,0.3600000000000002,22.89154759990411,0.3600000000000002,1.691405233904731e-07,0.3600000000000002,467.750190276906,0.3600000000000002,0.04128274735536829,0.3600000000000002,0.4545551746509584
0.3700000000000002,-2.369666800613574e-15,0.3700000000000002,-2.632864891228549e-14,0.3700000000000002,-5.015802948831241e-15,0.3700000000000002,-1.478827816701899e-14,0.3700000000000002,4.805609336550868e-06,0.3700000000000002,1.027518372038534e-08,0.3700000000000002,22.62839889609776,0.3700000000000002,2.123707187310259e-07,0.3700000000000002,467.690843037369,0.3700000000000002,0.04236100016583019,0.3700000000000002,0.4545551746509584
0.3800000000000002,-2.384924367839551e-15,0.3800000000000002,-2.730151373380264e-14,0.3800000000000002,-5.016459269769522e-15,0.3800000000000002,-1.511150881613227e-14,0.3800000000000002,5.945998834152441e-06,0.3800000000000002,1.270040556587318e-08,0.3800000000000002,22.35833545195558,0.3800000000000002,2.659410333862416e-07,0.3800000000000002,468.1739337623776,0.3800000000000002,0.04363425239183881,0.3800000000000002,0.4545551746509584
0.3900000000000002,-2.400572622571616e-15,0.3900000000000002,-2.827189796898572e-14,0.3900000000000002,-5.017136399766368e-15,0.3900000000000002,-1.543183328510822e-14,0.3900000000000002,7.331705071120156e-06,0.3900000000000002,1.562959122496745e-08,0.3900000000000002,22.07627610410452,0.3900000000000002,3.321078716932962e-07,0.3900000000000002,469.0912875192884,0.3900000000000002,0.04512445477647527,0.3900000000000002,0.4545551746509584
0.4000000000000002,-2.416618703112971e-15,0.4000000000000002,-2.923663824639246e-14,0.4000000000000002,-5.017834167754524e-15,0.4000000000000002,-1.57482214533657e-14,0.4000000000000002,9.005207685766147e-06,0.4000000000000002,1.914853079020665e-08,0.4000000000000002,21.77622207267212,0.4000000000000002,4.135339755643307e-07,0.4000000000000002,470.2819127184308,0.4000000000000002,0.04685280549965846,0.4000000000000002,0.4545551746509584
0.4100000000000002,-2.433068871600781e-15,0.4100000000000002,-3.019266833050791e-14,0.4100000000000002,-5.018552410836408e-15,0.4100000000000002,-1.605969456893323e-14,0.4100000000000002,1.101170157059006e-05,0.4100000000000002,2.335270967107294e-08,0.4100000000000002,21.45185630389573,0.4100000000000002,5.133216172670936e-07,0.4100000000000002,471.5384949195116,0.4100000000000002,0.04883900988656199,0.4100000000000002,0.4545551746509584
0.4200000000000002,-2.449928325676145e-15,0.4200000000000002,-3.113705852709974e-14,0.4200000000000002,-5.019290984767259e-15,0.4200000000000002,-1.636533703948171e-14,0.4200000000000002,1.339742513389739e-05,0.4200000000000002,2.834717850514383e-08,0.4200000000000002,21.09724918025715,0.4200000000000002,6.350318479970383e-07,0.4200000000000002,472.6193519212616,0.4200000000000002,0.05110054363106864,0.4200000000000002,0.4545551746509584
0.4300000000000002,-2.467200988981392e-15,0.4300000000000002,-3.206705099043225e-14,0.4300000000000002,-5.020049774166633e-15,0.4300000000000002,-1.666430652754193e-14,0.4300000000000002,1.620748170158888e-05,0.4300000000000002,3.424612093679264e-08,0.4300000000000002,20.7075564046747,0.4300000000000002,7.826844165259659e-07,0.4300000000000002,473.2647452686013,0.4300000000000002,0.05365197102298059,0.4300000000000002,0.4545551746509584
0.4400000000000002,-2.484889280208611e-15,0.4400000000000002,-3.298009010276414e-14,0.4400000000000002,-5.020828702237465e-15,0.4400000000000002,-1.695584214142676e-14,0.4400000000000002,1.948329361106577e-05,0.4400000000000002,4.117211858014647e-08,0.4400000000000002,20.27959394380474,0.4400000000000002,9.607339114245982e-07,0.4400000000000002,473.2157169211295,0.4400000000000002,0.05650436802330226,0.4400000000000002,0.4545551746509584
0.4500000000000002,-2.502993861079513e-15,0.4500000000000002,-3.387384732721438e-14,0.4500000000000002,-5.021627739805076e-15,0.4500000000000002,-1.723927059607315e-14,0.4500000000000002,2.325991215154944e-05,0.4500000000000002,4.92551378723587e-08,0.4500000000000002,19.81220242531752,0.4500000000000002,1.174019508425733e-06,0.4500000000000002,472.2332157880849,0.4500000000000002,0.05966489268880822,0.4500000000000002,0.4545551746509584
0.4600000000000002,-2.521513364500086e-15,0.4600000000000002,-3.474624017897855e-14,0.4600000000000002,-5.022446913527556e-15,0.4600000000000002,-1.751401030102241e-14,0.4600000000000002,2.756346303281518e-05,0.4600000000000002,5.863128600509033e-08,0.4600000000000002,19.30635981236181,0.4600000000000002,1.427688248915917e-06,0.4600000000000002,470.1152731055932,0.4600000000000002,0.06313653326623106,0.4600000000000002,0.4545551746509584
0.4700000000000003,-2.540444105230461e-15,0.4700000000000003,-3.55954452015468e-14,0.4700000000000003,-5.023286313171601e-15,0.4700000000000003,-1.777957341119195e-14,0.4700000000000003,3.240902075358073e-05,0.4700000000000003,6.944140051463761e-08,0.4700000000000003,18.76505156922192,0.4700000000000003,1.727094681016269e-06,0.4700000000000003,466.7103559748799,0.4700000000000003,0.0669180488728094,0.4700000000000003,0.4545551746509584
0.4800000000000003,-2.559779776760007e-15,0.4800000000000003,-3.641990506017356e-14,0.4800000000000003,-5.02414609789137e-15,0.4800000000000003,-1.803556594586824e-14,0.4800000000000003,3.779916934329256e-05,0.4800000000000003,8.182954877070271e-08,0.4800000000000003,18.19294792370306,0.4800000000000003,2.07768249007324e-06,0.4800000000000003,461.9256724635115,0.4800000000000003,0.0710041011170242,0.4800000000000003,0.4545551746509584
0.4900000000000003,-2.579511139686491e-15,0.4900000000000003,-3.721833006314601e-14,0.4900000000000003,-5.025026501489657e-15,0.4900000000000003,-1.828168613942262e-14,0.4900000000000003,4.372342619077531e-05,0.4900000000000003,9.594151970319963e-08,0.4900000000000003,17.59596012587528,0.4900000000000003,2.48485594867079e-06,0.4900000000000003,455.7299730714724,0.4900000000000003,0.07538555942771759,0.4900000000000003,0.4545551746509584
0.5000000000000002,-2.599625708753037e-15,0.5000000000000002,-3.798969458437972e-14,0.5000000000000002,-5.025927836679113e-15,0.5000000000000002,-1.851772123173168e-14,0.5000000000000002,5.01585952842112e-05,0.5000000000000002,1.119233908335302e-07,0.5000000000000002,16.9807509116983,0.5000000000000002,2.953850247589216e-06,0.5000000000000002,448.1511407996462,0.5000000000000002,0.08004995010100768,0.5000000000000002,0.4545551746509584
0.5100000000000002,-2.620107447757655e-15,0.5100000000000002,-3.873322898393987e-14,0.5100000000000002,-5.026850498394123e-15,0.5100000000000002,-1.874354293644244e-14,0.5100000000000002,5.706999782519091e-05,0.5100000000000002,1.299202489227254e-07,0.5100000000000002,16.35426322266749,0.5100000000000002,3.489609837429375e-06,0.5100000000000002,439.2694618306596,0.5100000000000002,0.08498201042829776,0.5100000000000002,0.4545551746509584
0.5200000000000002,-2.640936483741603e-15,0.5200000000000002,-3.944840770494691e-14,0.5200000000000002,-5.027794966231316e-15,0.5200000000000002,-1.89591018413695e-14,0.5200000000000002,6.441342412873557e-05,0.5200000000000002,1.500751321824644e-07,0.5200000000000002,15.72331237106643,0.5200000000000002,4.096682849587433e-06,0.5200000000000002,429.2078453772103,0.5200000000000002,0.09016430530927672,0.5200000000000002,0.4545551746509584
0.5300000000000002,-2.662088854066062e-15,0.5300000000000002,-4.01349342675297e-14,0.5300000000000002,-5.028761806116891e-15,0.5300000000000002,-1.916442099861085e-14,0.5300000000000002,7.213757834599962e-05,0.5300000000000002,1.725282463948957e-07,0.5300000000000002,15.09426652062542,0.5300000000000002,4.779137710860304e-06,0.5300000000000002,418.1203939260222,0.5300000000000002,0.09557786433889229,0.5300000000000002,0.4545551746509584
0.5400000000000003,-2.683536302034179e-15,0.5400000000000003,-4.079272388686589e-14,0.5400000000000003,-5.029751671313342e-15,0.5400000000000003,-1.93595889542042e-14,0.5400000000000003,8.018675569440868e-05,0.5400000000000003,1.974164877064874e-07,0.5400000000000003,14.47282281997099,0.5400000000000003,5.540505587081208e-06,0.5400000000000003,406.1806418804686,0.5400000000000003,0.1012028017495762,0.5400000000000003,0.4545551746509584
0.5500000000000003,-2.705246138390093e-15,0.5500000000000003,-4.142188441828717e-14,0.5500000000000003,-5.030765302885746e-15,0.5500000000000003,-1.954475245047814e-14,0.5500000000000003,8.850350006333169e-05,0.5500000000000003,2.248732833783452e-07,0.5500000000000003,13.86387378115189,0.5500000000000003,6.38374969801804e-06,0.5500000000000003,393.5705421903151,0.5500000000000003,0.1070188886687202,0.5500000000000003,0.4545551746509584
0.5600000000000003,-2.727181187066331e-15,0.5600000000000003,-4.202269628421242e-14,0.5600000000000003,-5.031803529750559e-15,0.5600000000000003,-1.972010901099455e-14,0.5600000000000003,9.703102999920418e-05,0.5600000000000003,2.550287408826667e-07,0.5600000000000003,13.27145078973247,0.5600000000000003,7.311260203346433e-06,0.5600000000000003,380.4709605018443,0.5600000000000003,0.1130060556511426,0.5600000000000003,0.4545551746509584
0.5700000000000003,-2.749299833664795e-15,0.5700000000000003,-4.259559197183901e-14,0.5700000000000003,-5.032867268427458e-15,0.5700000000000003,-1.988589959039796e-14,0.5700000000000003,0.000105715280778081,0.5700000000000003,2.880100777678084e-07,0.5700000000000003,12.69872819415168,0.5700000000000003,8.324871527464145e-06,0.5700000000000003,367.0541030974197,0.5700000000000003,0.1191448121788045,0.5700000000000003,0.4545551746509584
0.5800000000000003,-2.771556194049818e-15,0.5800000000000003,-4.314113561338014e-14,0.5800000000000003,-5.033957522609496e-15,0.5800000000000003,-2.004240144166558e-14,0.5800000000000003,0.000114506476437883,0.5800000000000003,3.23942291371136e-07,0.5800000000000003,12.14807107870881,0.5800000000000003,9.425897798620218e-06,0.5800000000000003,353.4780097813613,0.5800000000000003,0.125416577832691,0.5800000000000003,0.4545551746509584
0.5900000000000003,-2.79390041784447e-15,0.5900000000000003,-4.366000307784798e-14,0.5900000000000003,-5.035075382657895e-15,0.5900000000000003,-2.018992132297424e-14,0.5900000000000003,0.0001233602072639667,0.5900000000000003,3.62949019551182e-07,0.5900000000000003,11.6211114138495,0.5900000000000003,1.061518153223579e-05,0.5900000000000003,339.8830155720282,0.5900000000000003,0.1318039264978489,0.5900000000000003,0.4545551746509584
0.6000000000000003,-2.816279137376066e-15,0.6000000000000003,-4.415296291978387e-14,0.6000000000000003,-5.036222025118139e-15,0.6000000000000003,-2.032878913711581e-14,0.6000000000000003,0.0001322380379621934,0.6000000000000003,4.051535410663336e-07,0.6000000000000003,11.11883984779875,0.6000000000000003,1.189315070391446e-05,0.6000000000000003,326.3899350704251,0.6000000000000003,0.1382907499500869,0.6000000000000003,0.4545551746509584
0.6100000000000003,-2.838636066671709e-15,0.6100000000000003,-4.462085844975237e-14,0.6100000000000003,-5.037398712342383e-15,0.6100000000000003,-2.045935206918364e-14,0.6100000000000003,0.0001411077062329509,0.6100000000000003,4.506798662870022e-07,0.6100000000000003,10.64170327396416,0.6100000000000003,1.325987979560882e-05,0.6100000000000003,313.0996451993501,0.6100000000000003,0.1448623504554919,0.6100000000000003,0.4545551746509584
0.6200000000000003,-2.860912747603115e-15,0.6200000000000003,-4.506459111670801e-14,0.6200000000000003,-5.038606792292231e-15,0.6200000000000003,-2.058196926386274e-14,0.6200000000000003,0.0001499429906271416,0.6200000000000003,4.996538744265074e-07,0.6200000000000003,10.18970104844723,0.6200000000000003,1.471515110350824e-05,0.6200000000000003,300.0937214771789,0.6200000000000003,0.1515054737560682,0.6200000000000003,0.4545551746509584
0.6300000000000003,-2.883049431585256e-15,0.6300000000000003,-4.548510532542146e-14,0.6300000000000003,-5.039847698583997e-15,0.6300000000000003,-2.069700706251905e-14,0.6300000000000003,0.0001587233326182181,0.6300000000000003,5.522044611232005e-07,0.6300000000000003,9.762475108900478,0.6300000000000003,1.625851342492349e-05,0.6300000000000003,287.435802846232,0.6300000000000003,0.1582082942972405,0.6300000000000003,0.4545551746509584
0.6400000000000003,-2.904986075937466e-15,0.6400000000000003,-4.588337475411293e-14,0.6400000000000003,-5.04112295082887e-15,0.6400000000000003,-2.080483480257226e-14,0.6400000000000003,0.0001674332940780695,0.6400000000000003,6.084646688069559e-07,0.6400000000000003,9.359391166991838,0.6400000000000003,1.788933607870478e-05,0.6400000000000003,275.1734039157334,0.6400000000000003,0.1649603641011042,0.6400000000000003,0.4545551746509584
0.6500000000000004,-2.926663424909082e-15,0.6500000000000004,-4.626039018869646e-14,0.6500000000000004,-5.042434155309733e-15,0.6500000000000004,-2.090582116732225e-14,0.6500000000000004,0.0001760619213122387,0.6500000000000004,6.685727808672534e-07,0.6500000000000004,8.979609607942724,0.6500000000000004,1.960685697926141e-05,0.6500000000000004,263.3399479468133,0.6500000000000004,0.1717525356192398,0.6500000000000004,0.4545551746509584
0.6600000000000004,-2.948024137372454e-15,0.6600000000000004,-4.661714885046493e-14,0.6600000000000004,-5.043783006028734e-15,0.6600000000000004,-2.100033106329539e-14,0.6600000000000004,0.0001846020735985358,0.6600000000000004,7.326733685242203e-07,0.6600000000000004,8.622145777984487,0.6600000000000004,2.14102241312339e-05,0.6600000000000004,251.9568494353338,0.6600000000000004,0.1785768674828755,0.6600000000000004,0.4545551746509584
0.6700000000000004,-2.969013917228522e-15,0.6700000000000004,-4.695464516312444e-14,0.6700000000000004,-5.045171286151729e-15,0.6700000000000004,-2.108872299399904e-14,0.6700000000000004,0.0001930497601837488,0.6700000000000004,8.009182860742341e-07,0.6700000000000004,8.285920042773272,0.6700000000000004,2.329853042118045e-05,0.6700000000000004,241.0355257712967,0.6700000000000004,0.185426520521462,0.6700000000000004,0.4545551746509584
0.6800000000000004,-2.989582599469461e-15,0.6800000000000004,-4.727386288203472e-14,0.6800000000000004,-5.046600869869948e-15,0.6800000000000004,-2.117134689336746e-14,0.6800000000000004,0.000201403516555599,0.6800000000000004,8.734676156640055e-07,0.6800000000000004,7.969798430633529,0.6800000000000004,2.527084195526534e-05,0.6800000000000004,230.5792601165792,0.6800000000000004,0.1922956498964771,0.6800000000000004,0.4545551746509584
0.6900000000000004,-3.009685145158917e-15,0.6900000000000004,-4.757576849239693e-14,0.6900000000000004,-5.048073724694247e-15,0.6900000000000004,-2.124854237877695e-14,0.6900000000000004,0.0002096638394610838,0.6900000000000004,9.504905669371731e-07,0.6900000000000004,7.672624902855901,0.6900000000000004,2.73262204416243e-05,0.6900000000000004,220.5848713856225,0.6900000000000004,0.1991792977952587,0.6900000000000004,0.4545551746509584
0.7000000000000004,-3.029282502515637e-15,0.7000000000000004,-4.786130577294107e-14,0.7000000000000004,-5.049591914193408e-15,0.7000000000000004,-2.132063738192149e-14,0.7000000000000004,0.0002178326909878175,0.7000000000000004,1.032166339907486e-06,0.7000000000000004,7.393246378184874,0.7000000000000004,2.946374026311585e-05,0.7000000000000004,211.0441724028145,0.7000000000000004,0.2060732899048187,0.7000000000000004,0.4545551746509584
0.7100000000000004,-3.048342298589894e-15,0.7100000000000004,-4.813139141640754e-14,0.7100000000000004,-5.051157601185141e-15,0.7100000000000004,-2.138794711571318e-14,0.7100000000000004,0.0002259130750868945,0.7100000000000004,1.11868496142233e-06,0.7100000000000004,7.130531627643675,0.7100000000000004,3.168250095284744e-05,0.7100000000000004,201.9452150314614,0.7100000000000004,0.2129741378594618,0.7100000000000004,0.4545551746509584
0.7200000000000004,-3.066839336059395e-15,0.7200000000000004,-4.838691159683348e-14,0.7200000000000004,-5.052773051386861e-15,0.7200000000000004,-2.145077333637545e-14,0.7200000000000004,0.0002339086849905806,0.7200000000000004,1.21024810678673e-06,0.7200000000000004,6.883385085384663,0.7200000000000004,3.398163579246213e-05,0.7200000000000004,193.2733326983836,0.7200000000000004,0.2198789490281759,0.7200000000000004,0.4545551746509584
0.7300000000000004,-3.084755881468797e-15,0.7300000000000004,-4.862871937547208e-14,0.7300000000000004,-5.054440637531847e-15,0.7300000000000004,-2.150940386173771e-14,0.7300000000000004,0.0002418236167482209,0.7300000000000004,1.307069918726831e-06,0.7300000000000004,6.650756517974757,0.7300000000000004,3.636031722028498e-05,0.7300000000000004,185.0119976625065,0.7300000000000004,0.226785344362342,0.7300000000000004,0.4545551746509584
0.7400000000000004,-3.102081743630974e-15,0.7400000000000004,-4.885763284132331e-14,0.7400000000000004,-5.056162843956051e-15,0.7400000000000004,-2.156411230916928e-14,0.7400000000000004,0.0002496621422175624,0.7400000000000004,1.409377836058655e-06,0.7400000000000004,6.431647377053252,0.7400000000000004,3.881775967826156e-05,0.7400000000000004,177.1435138470363,0.7400000000000004,0.233691384539464,0.7400000000000004,0.4545551746509584
0.7500000000000004,-3.118814152714549e-15,0.7500000000000004,-4.907443388806609e-14,0.7500000000000004,-5.057942271661135e-15,0.7500000000000004,-2.161515801939552e-14,0.7500000000000004,0.0002574285339704801,0.7500000000000004,1.517413444350831e-06,0.7500000000000004,6.225114540993901,0.7500000000000004,4.135322045489371e-05,0.7500000000000004,169.6495671162392,0.7500000000000004,0.2405955042882847,0.7500000000000004,0.4545551746509584
0.7600000000000005,-3.134957460721366e-15,0.7600000000000005,-4.927986753610279e-14,0.7600000000000005,-5.059781643859588e-15,0.7600000000000005,-2.166278613545242e-14,0.7600000000000005,0.0002651269344088912,0.7600000000000005,1.631433360653778e-06,0.7600000000000005,6.030272037738341,0.7600000000000005,4.396599900466945e-05,0.7600000000000005,162.5116543544534,0.7600000000000005,0.2474964545397752,0.7600000000000005,0.4545551746509584
0.7700000000000005,-3.150522691842038e-15,0.7700000000000005,-4.947464171599187e-14,0.7700000000000005,-5.061683812009065e-15,0.7700000000000005,-2.170722780911963e-14,0.7700000000000005,0.0002727612616986773,0.7700000000000005,1.75171016410867e-06,0.7700000000000005,5.846291237656091,0.7700000000000005,4.665543514869884e-05,0.7700000000000005,155.7114112182294,0.7700000000000005,0.2543932518939255,0.7700000000000005,0.4545551746509584
0.7800000000000005,-3.165526976146681e-15,0.7800000000000005,-4.965942743739898e-14,0.7800000000000005,-5.063651762343767e-15,0.7800000000000005,-2.174870051022577e-14,0.7800000000000005,0.0002803351457305856,0.7800000000000005,1.878533384023725e-06,0.7800000000000005,5.672399914123213,0.7800000000000005,4.942090649017722e-05,0.7800000000000005,149.2308564302018,0.7800000000000005,0.2612851348034544,0.7800000000000005,0.4545551746509584
0.7900000000000005,-3.179992902155678e-15,0.7900000000000005,-4.983485927554906e-14,0.7900000000000005,-5.065688622912614e-15,0.7900000000000005,-2.178740841716391e-14,0.7900000000000005,0.0002878518880697077,0.7900000000000005,2.012210556861951e-06,0.7900000000000005,5.507880490970085,0.7900000000000005,5.226182531407663e-05,0.7900000000000005,143.0525682752672,0.7900000000000005,0.2681715258358788,0.7900000000000005,0.4545551746509584
0.8000000000000005,-3.193947823287007e-15,0.8000000000000005,-5.000153611481118e-14,0.8000000000000005,-5.067797671135115e-15,0.8000000000000005,-2.182354286973987e-14,0.8000000000000005,0.0002953144406621577,0.8000000000000005,2.153068363565891e-06,0.8000000000000005,5.3520677295605,0.8000000000000005,5.517763518410944e-05,0.8000000000000005,137.1598067481057,0.8000000000000005,0.2750519993705442,0.8000000000000005,0.4545551746509584
0.8100000000000005,-3.20742315046482e-15,0.8100000000000005,-5.016002209633364e-14,0.8100000000000005,-5.069982341887404e-15,0.8100000000000005,-2.185728286806321e-14,0.8100000000000005,0.0003027253988642254,0.8100000000000005,2.301453858771401e-06,0.8100000000000005,5.204346053028846,0.8100000000000005,5.816780740170335e-05,0.8100000000000005,131.5365927109358,0.8100000000000005,0.2819262541066299,0.8100000000000005,0.4545551746509584
0.8200000000000005,-3.220453658898445e-15,0.8200000000000005,-5.031084772347524e-14,0.8200000000000005,-5.072246236132815e-15,0.8200000000000005,-2.18887956035623e-14,0.8200000000000005,0.000310087005105485,0.8200000000000005,2.457735803754355e-06,0.8200000000000005,5.064146659862891,0.8200000000000005,6.123183745117827e-05,0.8200000000000005,126.1677535200515,0.8200000000000005,0.2887940897932588,0.8200000000000005,0.4545551746509584
0.8300000000000005,-3.233076831832887e-15,0.8300000000000005,-5.045451108508176e-14,0.8300000000000005,-5.074593130112585e-15,0.8300000000000005,-2.191823701035181e-14,0.8300000000000005,0.0003174011601706797,0.8300000000000005,2.622306115422136e-06,0.8300000000000005,4.930944542248298,0.8300000000000005,6.436924152185272e-05,0.8300000000000005,121.0389428999157,0.8300000000000005,0.2956553876371049,0.8300000000000005,0.4545551746509584
0.8400000000000005,-3.245332258514788e-15,0.8400000000000005,-5.059147916240531e-14,0.8400000000000005,-5.077026985113877e-15,0.8400000000000005,-2.194575232710299e-14,0.8400000000000005,0.0003246694396760793,0.8400000000000005,2.795581444311599e-06,0.8400000000000005,4.804255495093092,0.8400000000000005,6.757955317069301e-05,0.8400000000000005,116.1366413905455,0.8400000000000005,0.3025100938920817,0.8400000000000005,0.4545551746509584
0.8500000000000005,-3.257261098194395e-15,0.8500000000000005,-5.072218919065195e-14,0.8500000000000005,-5.079551957833909e-15,0.8500000000000005,-2.197147666127155e-14,0.8500000000000005,0.0003318931138229073,0.8500000000000005,2.978004895396513e-06,0.8500000000000005,4.68363317823461,0.8500000000000005,7.086232016747333e-05,0.8500000000000005,111.4481424580454,0.8500000000000005,0.3093582061860199,0.8500000000000005,0.4545551746509584
0.8600000000000005,-3.268905617050626e-15,0.8600000000000005,-5.084705005077691e-14,0.8600000000000005,-5.082172411359735e-15,0.8600000000000005,-2.199553554903583e-14,0.8600000000000005,0.0003390731689372235,0.8600000000000005,3.170047906542671e-06,0.8600000000000005,4.568666275933941,0.8600000000000005,7.421710154744443e-05,0.8600000000000005,106.9615283218305,0.8600000000000005,0.3161997621887953,0.8600000000000005,0.4545551746509584
0.8700000000000006,-3.280308800707905e-15,0.8700000000000006,-5.096644367125156e-14,0.8700000000000006,-5.084892926784868e-15,0.8700000000000006,-2.20180455056018e-14,0.8700000000000006,0.0003462103296591191,0.8700000000000006,3.372212300684012e-06,0.8700000000000006,4.458975783462031,0.8700000000000006,7.764346488342263e-05,0.8700000000000006,102.6656386932977,0.8700000000000006,0.3230348302735357,0.8700000000000006,0.4545551746509584
0.8800000000000006,-3.291514041618379e-15,0.8800000000000006,-5.108072642313171e-14,0.8800000000000006,-5.087718315484091e-15,0.8800000000000006,-2.203911456165935e-14,0.8800000000000006,0.0003533050809325034,0.8800000000000006,3.585032529237982e-06,0.8800000000000006,4.354212439590972,0.8800000000000006,8.114098377933896e-05,0.8800000000000006,98.55003491630808,0.8800000000000006,0.3298635018662959,0.8800000000000006,0.4545551746509584
0.8900000000000006,-3.302564898024501e-15,0.8900000000000006,-5.119023049490244e-14,0.8900000000000006,-5.090653632068931e-15,0.8900000000000006,-2.205884278274028e-14,0.8900000000000006,0.0003603576891787471,0.8900000000000006,3.809078125935253e-06,0.8900000000000006,4.254054315465627,0.8900000000000006,8.470923557999856e-05,0.8900000000000006,94.60496142758097,0.8900000000000006,0.3366858852196939,0.8900000000000006,0.4545551746509584
0.9000000000000006,-3.313504919439927e-15,0.9000000000000006,-5.129526523629182e-14,0.9000000000000006,-5.093704188046005e-15,0.9000000000000006,-2.207732276904975e-14,0.9000000000000006,0.0003673682222214466,0.9000000000000006,4.044956392117261e-06,0.9000000000000006,4.158204564098607,0.9000000000000006,8.834779928659419e-05,0.9000000000000006,90.82130599414305,0.9000000000000006,0.3435021003822139,0.9000000000000006,0.4545551746509584
0.9100000000000006,-3.324377532493254e-15,0.9100000000000006,-5.139611846258478e-14,0.9100000000000006,-5.096875566200506e-15,0.9100000000000006,-2.209464013403638e-14,0.9100000000000006,0.000374336567673345,0.9100000000000006,4.293315336668915e-06,0.9100000000000006,4.066389330159535,0.9100000000000006,9.205625366393357e-05,0.9100000000000006,87.19055981659716,0.9100000000000006,0.3503122751668994,0.9100000000000006,0.4545551746509584
0.9200000000000006,-3.3352259804502e-15,0.9200000000000006,-5.149305771295999e-14,0.9200000000000006,-5.100173635726357e-15,0.9200000000000006,-2.211087396054495e-14,0.9200000000000006,0.0003812624496069983,0.9200000000000006,4.55484689609896e-06,0.9200000000000006,3.978355816453741,0.9200000000000006,9.583417552303863e-05,0.9200000000000006,83.7047782952999,0.9200000000000006,0.3571165419518832,0.9200000000000006,0.4545551746509584
0.9300000000000006,-3.346093309641709e-15,0.9300000000000006,-5.158633145805958e-14,0.9300000000000006,-5.103604568123411e-15,0.9300000000000006,-2.212609723387637e-14,0.9300000000000006,0.0003881454434141629,0.9300000000000006,4.830290462878496e-06,0.9300000000000006,3.893870501215314,0.9300000000000006,9.968113816141224e-05,0.9300000000000006,80.35654302719858,0.9300000000000006,0.3639150351699287,0.9300000000000006,0.4545551746509584
0.9400000000000006,-3.357022396261393e-15,0.9400000000000006,-5.167617025341725e-14,0.9400000000000006,-5.107174853880339e-15,0.9400000000000006,-2.214037725147278e-14,0.9400000000000006,0.0003949849888203857,0.9400000000000006,5.12043675299447e-06,0.9400000000000006,3.812717498839004,0.9400000000000006,0.0001035967099426555,0.9400000000000006,77.13892542260102,0.9400000000000006,0.3707078893659692,0.9400000000000006,0.4545551746509584
0.9500000000000006,-3.368056007452817e-15,0.9500000000000006,-5.176278783655034e-14,0.9500000000000006,-5.110891319959185e-15,0.9500000000000006,-2.215377600926539e-14,0.9500000000000006,0.0004017804010652837,0.9500000000000006,5.426132046768482e-06,0.9500000000000006,3.734697055761428,0.9500000000000006,0.0001075804529970081,0.9500000000000006,74.04545219362343,0.9500000000000006,0.3774952377205702,0.9500000000000006,0.4545551746509584
0.9600000000000006,-3.379236891199765e-15,0.9600000000000006,-5.184638216649449e-14,0.9600000000000006,-5.114761148094648e-15,0.9600000000000006,-2.21663505649778e-14,0.9600000000000006,0.0004085308802891845,0.9600000000000006,5.748282840340627e-06,0.9600000000000006,3.659624172726296,0.9600000000000006,0.0001116319220246497,0.9600000000000006,71.07007286109396,0.9600000000000006,0.3842772109532362,0.9600000000000006,0.4545551746509584
0.9700000000000006,-3.390607890192727e-15,0.9700000000000006,-5.192713640535398e-14,0.9700000000000006,-5.118791893916205e-15,0.9700000000000006,-2.217815337887947e-14,0.9700000000000006,0.0004152355191862488,0.9700000000000006,6.08786094878958e-06,0.9700000000000006,3.587327344517018,0.9700000000000006,0.0001157506631841183,0.9700000000000006,68.20712934792112,0.9700000000000006,0.3910539365335993,0.9700000000000006,0.4545551746509584
0.9800000000000006,-3.402212075521358e-15,0.9800000000000006,-5.200521984208177e-14,0.9800000000000006,-5.122991506896783e-15,0.9800000000000006,-2.218923263263864e-14,0.9800000000000006,0.0004218933089953376,0.9800000000000006,6.4459091056438e-06,0.9800000000000006,3.51764740832373,0.9800000000000006,0.000119936213048851,0.9800000000000006,65.45132766857408,0.9800000000000006,0.3978255381402537,0.9800000000000006,0.4545551746509584
0.9900000000000007,-3.414092896698728e-15,0.9900000000000007,-5.208078875921411e-14,0.9900000000000007,-5.127368351124226e-15,0.9900000000000007,-2.219963252704187e-14,0.9900000000000007,0.000428503143904845,0.9900000000000007,6.823547107477106e-06,0.9900000000000007,3.450436492161058,0.9900000000000007,0.0001241880976156095,0.9900000000000007,62.79771168213961,0.9900000000000007,0.4045921353172836,0.9900000000000007,0.4545551746509584
1,-3.426294345134418e-15,1,-5.215398724368289e-14,1,-5.131931226884501e-15,1,-2.220939355943201e-14,1,0.0004350638239480411,1,7.22197855631881e-06,1,3.385557055115679,1,0.0001285058313493072,1,60.24163884665451,1,0.4113538432869464,1,0.4545551746509584
